S.No,Main Item Group,Item Code,Item,Item Type,Sub Group,RM Item Code,RM Item Name,Req Qty
1,Condensor Assy,3HBH-19A742-BA,HEADER ASSY-COND TANK-(A) (OLD MXI),,,,,1
1,Condensor Assy,3HBH-19A742-BA,HEADER ASSY-COND TANK-(A) (OLD MXI),Process Item,Cond Sub Assembly,3HBH-19A742-SFG-BA,STACKING SUB ASSY TANK A (OLD MXI),1
1,Condensor Assy,3HBH-19A742-BA,HEADER ASSY-COND TANK-(A) (OLD MXI),Purchase Item,Condensor Assy,XU3H-19D718-BA,TANK A (OLD MXI),1
1,Condensor Assy,3HBH-19A742-BA,HEADER ASSY-COND TANK-(A) (OLD MXI),Purchase Item,Condensor Assy,XU3H-19157-BB,BRKT-A (OLD MXI),1
1,Condensor Assy,3HBH-19A742-BA,HEADER ASSY-COND TANK-(A) (OLD MXI),Purchase Item,Condensor Assy,F827-QQVAA-08,BAFFLE  (EMXI),1
1,Condensor Assy,3HBH-19A742-BA,HEADER ASSY-COND TANK-(A) (OLD MXI),Purchase Item,Condensor Assy,VP3M5H-50684-AA,RIVET (GMI),2
1,Condensor Assy,3HBH-19A742-BA,HEADER ASSY-COND TANK-(A) (OLD MXI),Process Item,Press Part,XU3H-19735-AA,BRKT-D (OLD MXI),1
1,Condensor Assy,3HBH-19A742-BA,HEADER ASSY-COND TANK-(A) (OLD MXI),Raw Material,Raw Material,RSAE1T6SPRWON075,Extrusion Bar (5257),0.01395
2,Condensor Assy,3HBH-19E988-BA,HEADER ASSY-COND TANK (OLD MXI),,,,,1
2,Condensor Assy,3HBH-19E988-BA,HEADER ASSY-COND TANK (OLD MXI),Process Item,Cond Sub Assembly,3HBH-19E988-SFG-BA,STACKING SUB ASSY TANK (OLD MXI),1
2,Condensor Assy,3HBH-19E988-BA,HEADER ASSY-COND TANK (OLD MXI),Purchase Item,EVAP/AC-Tubing,RKP00003,KNURL Pin 3mm,1
2,Condensor Assy,3HBH-19E988-BA,HEADER ASSY-COND TANK (OLD MXI),Purchase Item,EVAP/AC-Tubing,SL-040-01,KNURL Pin 4mm,1
2,Condensor Assy,3HBH-19E988-BA,HEADER ASSY-COND TANK (OLD MXI),Purchase Item,Condensor Assy,XU3H-19157-AB,BRKT-B (OLD MXI),1
2,Condensor Assy,3HBH-19E988-BA,HEADER ASSY-COND TANK (OLD MXI),Purchase Item,Condensor Assy,F827-QQVAA-08,BAFFLE  (EMXI),2
2,Condensor Assy,3HBH-19E988-BA,HEADER ASSY-COND TANK (OLD MXI),Purchase Item,Condensor Assy,VP3M5H-50684-AA,RIVET (GMI),1
2,Condensor Assy,3HBH-19E988-BA,HEADER ASSY-COND TANK (OLD MXI),Purchase Item,Condensor Assy,XU3H-19D718-CB,TANK (OLD MXI),1
2,Condensor Assy,3HBH-19E988-BA,HEADER ASSY-COND TANK (OLD MXI),Process Item,Machining Cond,XU3H-19E777-AA,COND FLANGE INLET (OLD MXI),1
2,Condensor Assy,3HBH-19E988-BA,HEADER ASSY-COND TANK (OLD MXI),Process Item,Cut Piece,XU3H-19E777-AA/C,COND FLANGE INLET (OLD MXI),1
2,Condensor Assy,3HBH-19E988-BA,HEADER ASSY-COND TANK (OLD MXI),Raw Material,Raw Material,RSAE5T5BPRWON067,Extrusion Bar (5264),0.05326
2,Condensor Assy,3HBH-19E988-BA,HEADER ASSY-COND TANK (OLD MXI),Process Item,Machining Cond,XU3H-19E777-BA,COND FLANGE OUTLET (OLD MXI),1
2,Condensor Assy,3HBH-19E988-BA,HEADER ASSY-COND TANK (OLD MXI),Process Item,Cut Piece,XU3H-19E777-BA/C,COND FLANGE OUTLET (OLD MXI),1
2,Condensor Assy,3HBH-19E988-BA,HEADER ASSY-COND TANK (OLD MXI),Raw Material,Raw Material,RSAE5T5BPRWON067,Extrusion Bar (5264),0.04537
2,Condensor Assy,3HBH-19E988-BA,HEADER ASSY-COND TANK (OLD MXI),Purchase Item,Sub Assembly,F281-QQVAA-02,Bush Inlet (HA & A-ENTRY & GS & EMXI),1
2,Condensor Assy,3HBH-19E988-BA,HEADER ASSY-COND TANK (OLD MXI),Purchase Item,Sub Assembly,F281-QQVAB-01,Bush Outlet,1
3,Condensor Assy,7ITH-19E774-BB,HEADER ASSY-COND TANK (ICML),,,,,1
3,Condensor Assy,7ITH-19E774-BB,HEADER ASSY-COND TANK (ICML),Process Item,Cond Sub Assembly,7ITH-19E774-SFG-BB,STACKING SUB ASSY TANK (ICML),1
3,Condensor Assy,7ITH-19E774-BB,HEADER ASSY-COND TANK (ICML),Purchase Item,Condensor Assy,7ITH-19D718-BB,TANK (ICML),1
3,Condensor Assy,7ITH-19E774-BB,HEADER ASSY-COND TANK (ICML),Purchase Item,Condensor Assy,F827-QQVAA-08,BAFFLE  (EMXI),2
3,Condensor Assy,7ITH-19E774-BB,HEADER ASSY-COND TANK (ICML),Process Item,Press Part,71TH-LF4AA-EA,BRKT Support Inlet (ICML),1
3,Condensor Assy,7ITH-19E774-BB,HEADER ASSY-COND TANK (ICML),Raw Material,Raw Material,RSAE5T5BPRWON069,Extrusion Bar (21407),0.01741
3,Condensor Assy,7ITH-19E774-BB,HEADER ASSY-COND TANK (ICML),Process Item,Press Part,71TH-LF4AA-BB,BRKT Lower RH (ICML),1
3,Condensor Assy,7ITH-19E774-BB,HEADER ASSY-COND TANK (ICML),Raw Material,Raw Material,RSAE5T5BPRWON070,Extrusion Bar (21443),0.01648
3,Condensor Assy,7ITH-19E774-BB,HEADER ASSY-COND TANK (ICML),Process Item,Press Part,71TH-LF4AA-AB,BRKT Upper RH (ICML),1
3,Condensor Assy,7ITH-19E774-BB,HEADER ASSY-COND TANK (ICML),Raw Material,Raw Material,RSAE5T5BPRWON071,Extrusion Bar (21442),0.02114
3,Condensor Assy,7ITH-19E774-BB,HEADER ASSY-COND TANK (ICML),Process Item,Press Part,71TH-LF4AA-CB,BRKT Support Outlet (ICML),1
3,Condensor Assy,7ITH-19E774-BB,HEADER ASSY-COND TANK (ICML),Raw Material,Raw Material,RSAE5T5BPRWON072,Extrusion Bar (21441),0.01695
3,Condensor Assy,7ITH-19E774-BB,HEADER ASSY-COND TANK (ICML),Process Item,Cond Sub Assembly,71TH-19E777-AB-01,COND INLET PIPE (ICML),1
3,Condensor Assy,7ITH-19E774-BB,HEADER ASSY-COND TANK (ICML),Process Item,Cut Piece,71TH-19E777-AB-01/C,COND  INLET PIPE (ICML),1
3,Condensor Assy,7ITH-19E774-BB,HEADER ASSY-COND TANK (ICML),Raw Material,Raw Material,RAT1TB1200120STR,Al Tube (12.0 X1.24MM)-(3103),0.012
3,Condensor Assy,7ITH-19E774-BB,HEADER ASSY-COND TANK (ICML),Process Item,EVAP/AC-Tubing,SM-010-09,ICML NUT(12 mm),1
3,Condensor Assy,7ITH-19E774-BB,HEADER ASSY-COND TANK (ICML),Raw Material,Raw Material,RHAE1T6HPRWON041,Extrusion Bar (11873),0.03497
3,Condensor Assy,7ITH-19E774-BB,HEADER ASSY-COND TANK (ICML),Process Item,Cond Sub Assembly,71TH-19E777-BB-01,COND TUBE OUTLET (ICML),1
3,Condensor Assy,7ITH-19E774-BB,HEADER ASSY-COND TANK (ICML),Process Item,Cut Piece,71TH-19E777-BB-01/C,PIPE OUTLET COND (ICML),1
3,Condensor Assy,7ITH-19E774-BB,HEADER ASSY-COND TANK (ICML),Raw Material,Raw Material,RAT1TB1200120STR,Al Tube (12.0 X1.24MM)-(3103),0.011
3,Condensor Assy,7ITH-19E774-BB,HEADER ASSY-COND TANK (ICML),Purchase Item,EVAP/AC-Tubing,XU3H-201375-GA,UNION NUT-8mm (EMXI & ICML),1
3,Condensor Assy,7ITH-19E774-BB,HEADER ASSY-COND TANK (ICML),Process Item,Consumables (Direct),CON00035,Brazing Ring (8MM),1
3,Condensor Assy,7ITH-19E774-BB,HEADER ASSY-COND TANK (ICML),Raw Material,Raw Material,CON00034,1.6MM Spool Coil (4045),0.0001
3,Condensor Assy,7ITH-19E774-BB,HEADER ASSY-COND TANK (ICML),Process Item,Consumables (Direct),CON00038,Brazing Ring (12MM),1
3,Condensor Assy,7ITH-19E774-BB,HEADER ASSY-COND TANK (ICML),Raw Material,Raw Material,CON00031,1.6MM Spool Coil (4047),0.0002
3,Condensor Assy,7ITH-19E774-BB,HEADER ASSY-COND TANK (ICML),Purchase Item,Condensor Assy,F823-QQVAA-05,HEADER TANK & TANK A (ICML),1
3,Condensor Assy,7ITH-19E774-BB,HEADER ASSY-COND TANK (ICML),Purchase Item,Condensor Assy,F828-QQVAA-04,CAP END EMXI (COMMON),2
3,Condensor Assy,7ITH-19E774-BB,HEADER ASSY-COND TANK (ICML),Purchase Item,Condensor Assy,F281-CBXAA-02,CLAD SHEET BIG,1
3,Condensor Assy,7ITH-19E774-BB,HEADER ASSY-COND TANK (ICML),Purchase Item,Condensor Assy,F281-CBXAB-02,CLAD SHEET-S,1
3,Condensor Assy,7ITH-19E774-BB,HEADER ASSY-COND TANK (ICML),Purchase Item,Condensor Assy,VP3M5H-50684-AA,RIVET (GMI),4
4,Condensor Assy,7ITH-19E775-BB,HEADER ASSY-COND TANK-(A) (ICML),,,,,1
4,Condensor Assy,7ITH-19E775-BB,HEADER ASSY-COND TANK-(A) (ICML),Process Item,Cond Sub Assembly,7ITH-19E775-SFG-BB,STACKING SUB ASSY TANK A (ICML),1
4,Condensor Assy,7ITH-19E775-BB,HEADER ASSY-COND TANK-(A) (ICML),Purchase Item,Condensor Assy,7ITH-19D718-CC,TANK A (ICML),1
4,Condensor Assy,7ITH-19E775-BB,HEADER ASSY-COND TANK-(A) (ICML),Purchase Item,Condensor Assy,F827-QQVAA-08,BAFFLE  (EMXI),1
4,Condensor Assy,7ITH-19E775-BB,HEADER ASSY-COND TANK-(A) (ICML),Process Item,Press Part,71TH-LF4AA-DB,BRKT LH (ICML),2
4,Condensor Assy,7ITH-19E775-BB,HEADER ASSY-COND TANK-(A) (ICML),Raw Material,Raw Material,RSAE5T5BPRWON074,Extrusion Bar (21444),0.03972
4,Condensor Assy,7ITH-19E775-BB,HEADER ASSY-COND TANK-(A) (ICML),Purchase Item,Condensor Assy,F823-QQVAA-05,HEADER TANK & TANK A (ICML),1
4,Condensor Assy,7ITH-19E775-BB,HEADER ASSY-COND TANK-(A) (ICML),Purchase Item,Condensor Assy,F828-QQVAA-04,CAP END EMXI (COMMON),2
4,Condensor Assy,7ITH-19E775-BB,HEADER ASSY-COND TANK-(A) (ICML),Purchase Item,Condensor Assy,VP3M5H-50684-AA,RIVET (GMI),2
5,Condensor Assy,F830-CB5AA-06,HEADER ASSY-COND GSL (MCI),,,,,1
5,Condensor Assy,F830-CB5AA-06,HEADER ASSY-COND GSL (MCI),Process Item,Cond Sub Assembly,830-CB5AA-SFG-06,STACKING SUB ASSY TANK (MCI GSL),1
5,Condensor Assy,F830-CB5AA-06,HEADER ASSY-COND GSL (MCI),Purchase Item,Condensor Assy,F824-CBXAA-04,MCI GSL TANK RD,1
5,Condensor Assy,F830-CB5AA-06,HEADER ASSY-COND GSL (MCI),Purchase Item,Sub Assembly,F827-DC4AA-02,BAFFLE-MCI,3
5,Condensor Assy,F830-CB5AA-06,HEADER ASSY-COND GSL (MCI),Purchase Item,Condensor Assy,F864-KP1AA,RECEIVER DRIER (RD) (LC/MCI/TBI),1
5,Condensor Assy,F830-CB5AA-06,HEADER ASSY-COND GSL (MCI),Purchase Item,Condensor Assy,F856-MAXAC-01,MCI CAP,1
5,Condensor Assy,F830-CB5AA-06,HEADER ASSY-COND GSL (MCI),Purchase Item,Sub Assembly,F855-DC4AA-02P,CONNECTOR TUBE (MCI/B562/W205),3
5,Condensor Assy,F830-CB5AA-06,HEADER ASSY-COND GSL (MCI),Process Item,Press Part,F842-CB5AA,BRKT COND GSL (MCI),1
5,Condensor Assy,F830-CB5AA-06,HEADER ASSY-COND GSL (MCI),Raw Material,Raw Material,RSAE5T5BPRWON087,Extrusion Bar (20956),0.025
5,Condensor Assy,F830-CB5AA-06,HEADER ASSY-COND GSL (MCI),Purchase Item,Condensor Assy,YHBH-19E778-AA,END CAP-LCI,1
5,Condensor Assy,F830-CB5AA-06,HEADER ASSY-COND GSL (MCI),Purchase Item,Condensor Assy,F823-CB5AA-02,HEADER-COND (MCI),1
5,Condensor Assy,F830-CB5AA-06,HEADER ASSY-COND GSL (MCI),Purchase Item,Condensor Assy,W705376-S900,RIVET (B517),1
6,Condensor Assy,F830-CB5AB-05,HEADER ASSY-COND DSL (MCI),,,,,1
6,Condensor Assy,F830-CB5AB-05,HEADER ASSY-COND DSL (MCI),Process Item,Cond Sub Assembly,830-CB5AB-SFG-05,STACKING SUB ASSY TANK (MCI DSL),1
6,Condensor Assy,F830-CB5AB-05,HEADER ASSY-COND DSL (MCI),Purchase Item,Condensor Assy,F824-CB5AB-02,MCI DSL TANK RD,1
6,Condensor Assy,F830-CB5AB-05,HEADER ASSY-COND DSL (MCI),Purchase Item,Sub Assembly,F827-DC4AA-02,BAFFLE-MCI,3
6,Condensor Assy,F830-CB5AB-05,HEADER ASSY-COND DSL (MCI),Purchase Item,Condensor Assy,F864-KP1AA,RECEIVER DRIER (RD) (LC/MCI/TBI),1
6,Condensor Assy,F830-CB5AB-05,HEADER ASSY-COND DSL (MCI),Purchase Item,Condensor Assy,F856-MAXAC-01,MCI CAP,1
6,Condensor Assy,F830-CB5AB-05,HEADER ASSY-COND DSL (MCI),Purchase Item,Sub Assembly,F855-DC4AA-02P,CONNECTOR TUBE (MCI/B562/W205),3
6,Condensor Assy,F830-CB5AB-05,HEADER ASSY-COND DSL (MCI),Process Item,Press Part,F842-CB5AB,BRKT COND MTG DSL (MCI),1
6,Condensor Assy,F830-CB5AB-05,HEADER ASSY-COND DSL (MCI),Raw Material,Raw Material,RSAE5T5BPRWON088,Extrusion Bar (20957),0.035
6,Condensor Assy,F830-CB5AB-05,HEADER ASSY-COND DSL (MCI),Purchase Item,Condensor Assy,F823-CB5AA-02,HEADER-COND (MCI),1
6,Condensor Assy,F830-CB5AB-05,HEADER ASSY-COND DSL (MCI),Purchase Item,Condensor Assy,W705376-S900,RIVET (B517),1
6,Condensor Assy,F830-CB5AB-05,HEADER ASSY-COND DSL (MCI),Purchase Item,Condensor Assy,YHBH-19E778-AA,END CAP-LCI,1
7,Condensor Assy,F830-CBXAA-14,HEADER ASSY-COND RD (LCI),,,,,1
7,Condensor Assy,F830-CBXAA-14,HEADER ASSY-COND RD (LCI),Process Item,Cond Sub Assembly,830-CBXAA-SFG-14,STACKING SUB ASSY TANK (LCI RD),1
7,Condensor Assy,F830-CBXAA-14,HEADER ASSY-COND RD (LCI),Purchase Item,Condensor Assy,YHBH-19D718-CA,TANK RD (LCI),1
7,Condensor Assy,F830-CBXAA-14,HEADER ASSY-COND RD (LCI),Purchase Item,Condensor Assy,1HDH-19E781-AA,BAFFLE-LCI,3
7,Condensor Assy,F830-CBXAA-14,HEADER ASSY-COND RD (LCI),Purchase Item,Condensor Assy,F842-CBXAA-05,BKT A RD (LCI),1
7,Condensor Assy,F830-CBXAA-14,HEADER ASSY-COND RD (LCI),Purchase Item,Sub Assembly,F855-DC4AA-02P,CONNECTOR TUBE (MCI/B562/W205),3
7,Condensor Assy,F830-CBXAA-14,HEADER ASSY-COND RD (LCI),Purchase Item,Condensor Assy,F864-KP1AA,RECEIVER DRIER (RD) (LC/MCI/TBI),1
7,Condensor Assy,F830-CBXAA-14,HEADER ASSY-COND RD (LCI),Purchase Item,Condensor Assy,F856-MAXAC-01,MCI CAP,1
7,Condensor Assy,F830-CBXAA-14,HEADER ASSY-COND RD (LCI),Purchase Item,Condensor Assy,F823-CBXAA-02,HEADER (LCI),1
7,Condensor Assy,F830-CBXAA-14,HEADER ASSY-COND RD (LCI),Purchase Item,Condensor Assy,YHBH-19K613-AA,CLIP COND,2
7,Condensor Assy,F830-CBXAA-14,HEADER ASSY-COND RD (LCI),Purchase Item,Condensor Assy,YHBH-19E778-AA,END CAP-LCI,1
7,Condensor Assy,F830-CBXAA-14,HEADER ASSY-COND RD (LCI),Purchase Item,Condensor Assy,YHBH-19E778-BA,CAP-A (LCI),1
8,Condensor Assy,F830-KP1AA-07,HEADER ASSY-COND TANK (TBI),,,,,1
8,Condensor Assy,F830-KP1AA-07,HEADER ASSY-COND TANK (TBI),Process Item,Cond Sub Assembly,830-KP1AA-SFG-07,STACKING SUB ASSY TANK (TBI),1
8,Condensor Assy,F830-KP1AA-07,HEADER ASSY-COND TANK (TBI),Purchase Item,Condensor Assy,4HDH-19D718-AA,TANK (TBI),1
8,Condensor Assy,F830-KP1AA-07,HEADER ASSY-COND TANK (TBI),Process Item,Condensor Assy,F827-GGXAA-06,BAFFLE (TBI) IN HOUSE,3
8,Condensor Assy,F830-KP1AA-07,HEADER ASSY-COND TANK (TBI),Raw Material,Raw Material,XU3H-19E781-AA01,BAFFLE (TBI),0.0002
8,Condensor Assy,F830-KP1AA-07,HEADER ASSY-COND TANK (TBI),Purchase Item,EVAP/AC-Tubing,RKP00003,KNURL Pin 3mm,1
8,Condensor Assy,F830-KP1AA-07,HEADER ASSY-COND TANK (TBI),Purchase Item,EVAP/AC-Tubing,SL-040-01,KNURL Pin 4mm,1
8,Condensor Assy,F830-KP1AA-07,HEADER ASSY-COND TANK (TBI),Purchase Item,Condensor Assy,F828-QQVAA-04,CAP END EMXI (COMMON),1
8,Condensor Assy,F830-KP1AA-07,HEADER ASSY-COND TANK (TBI),Purchase Item,Condensor Assy,F842-KP1AA-01,BRKT-A COND (TBI),1
8,Condensor Assy,F830-KP1AA-07,HEADER ASSY-COND TANK (TBI),Purchase Item,Condensor Assy,F843-KP1AA-01,BKT-B (TBI),1
8,Condensor Assy,F830-KP1AA-07,HEADER ASSY-COND TANK (TBI),Purchase Item,Condensor Assy,F835-KP1AA-01,BRKT COND PIPE SUPPORT (TBI),1
8,Condensor Assy,F830-KP1AA-07,HEADER ASSY-COND TANK (TBI),Purchase Item,Condensor Assy,F274-QQVAA-03,CLIP-EMXI,2
8,Condensor Assy,F830-KP1AA-07,HEADER ASSY-COND TANK (TBI),Purchase Item,Condensor Assy,F281-CBXAB-02,CLAD SHEET-S,1
8,Condensor Assy,F830-KP1AA-07,HEADER ASSY-COND TANK (TBI),Purchase Item,Condensor Assy,F281-CBXAA-02,CLAD SHEET BIG,1
8,Condensor Assy,F830-KP1AA-07,HEADER ASSY-COND TANK (TBI),Process Item,Cond Sub Assembly,742-KP1AA,COND SUB ASSY (TBI),1
8,Condensor Assy,F830-KP1AA-07,HEADER ASSY-COND TANK (TBI),Process Item,Cond Sub Assembly,742-KP1AA-TI06,COND TUBE INLET (TBI),1
8,Condensor Assy,F830-KP1AA-07,HEADER ASSY-COND TANK (TBI),Process Item,Cut Piece,742-KP1AA-TI06/C,COND TUBE INLET (TBI),1
8,Condensor Assy,F830-KP1AA-07,HEADER ASSY-COND TANK (TBI),Raw Material,Raw Material,RAT1TB1200120STR,Al Tube (12.0 X1.24MM)-(3103),0.018
8,Condensor Assy,F830-KP1AA-07,HEADER ASSY-COND TANK (TBI),Process Item,Cond Sub Assembly,742-KP1AA-TO06,COND TUBE OUTLET (TBI),1
8,Condensor Assy,F830-KP1AA-07,HEADER ASSY-COND TANK (TBI),Process Item,Cut Piece,742-KP1AA-TO06/C,COND TUBE OUTLET (TBI),1
8,Condensor Assy,F830-KP1AA-07,HEADER ASSY-COND TANK (TBI),Raw Material,Raw Material,RAT1TB0800100STR,Al Tube (8 X1.00MM)-(3103),0.019
8,Condensor Assy,F830-KP1AA-07,HEADER ASSY-COND TANK (TBI),Process Item,Machining Cond,F742-KP1AA-CF06,COND FLANGE (TBI),1
8,Condensor Assy,F830-KP1AA-07,HEADER ASSY-COND TANK (TBI),Purchase Item,Machining Sub Assy,F742-KP1AA-CF06/P,COND FLANGE (TBI),1
8,Condensor Assy,F830-KP1AA-07,HEADER ASSY-COND TANK (TBI),Consumables,Condensor Assy,CON00115,ASSEMBLY FLUX PASTE AFP 200 (FIRINIT),0.00025
8,Condensor Assy,F830-KP1AA-07,HEADER ASSY-COND TANK (TBI),Purchase Item,Condensor Assy,VP3M5H-50684-AA,RIVET (GMI),3
8,Condensor Assy,F830-KP1AA-07,HEADER ASSY-COND TANK (TBI),Purchase Item,Condensor Assy,F823-KKXAA-03,HEADER (TBI),1
8,Condensor Assy,F830-KP1AA-07,HEADER ASSY-COND TANK (TBI),Purchase Item,Condensor Assy,F841-QQVAA-04,CAP-TBI,1
9,Condensor Assy,VPF830-LF4AA-02,HEADER ASSY-COND TANK (GMI),,,,,1
9,Condensor Assy,VPF830-LF4AA-02,HEADER ASSY-COND TANK (GMI),Process Item,Cond Sub Assembly,830-LF4AA-SFG-02,RIVETING SUB ASSY TANK (GMI),1
9,Condensor Assy,VPF830-LF4AA-02,HEADER ASSY-COND TANK (GMI),Purchase Item,Condensor Assy,F824-LF4AA-01,TANK GSL (GMI),1
9,Condensor Assy,VPF830-LF4AA-02,HEADER ASSY-COND TANK (GMI),Purchase Item,Condensor Assy,VPF839-LF4AA-03,INLET FLANGE (GMI),1
9,Condensor Assy,VPF830-LF4AA-02,HEADER ASSY-COND TANK (GMI),Purchase Item,Condensor Assy,3AMH-19702-AA,BRKT MTG (GMI),1
9,Condensor Assy,VPF830-LF4AA-02,HEADER ASSY-COND TANK (GMI),Purchase Item,Condensor Assy,F828-QQVAA-04,CAP END EMXI (COMMON),2
9,Condensor Assy,VPF830-LF4AA-02,HEADER ASSY-COND TANK (GMI),Purchase Item,Condensor Assy,3AMH-19732-AA,BRKT A (GMI),1
9,Condensor Assy,VPF830-LF4AA-02,HEADER ASSY-COND TANK (GMI),Purchase Item,Condensor Assy,F827-QQVAA-08,BAFFLE  (EMXI),2
9,Condensor Assy,VPF830-LF4AA-02,HEADER ASSY-COND TANK (GMI),Purchase Item,Condensor Assy,VP3M5H-50684-AA,RIVET (GMI),2
9,Condensor Assy,VPF830-LF4AA-02,HEADER ASSY-COND TANK (GMI),Purchase Item,Condensor Assy,F823-LF4AA-01,HEADER GSL/RD (GMI),1
10,Condensor Assy,F830-MD9AA-02,HEADER ASSY-COND TANK (B517),,,,,1
10,Condensor Assy,F830-MD9AA-02,HEADER ASSY-COND TANK (B517),Process Item,Cond Sub Assembly,830-MD9AA-SFG-02,STACKING SUB ASSY TANK (B517),1
10,Condensor Assy,F830-MD9AA-02,HEADER ASSY-COND TANK (B517),Purchase Item,Condensor Assy,F824-MD9AA-02,TANK COND (B517),1
10,Condensor Assy,F830-MD9AA-02,HEADER ASSY-COND TANK (B517),Process Item,Press Part,F835-MD9AA,BRKT PIPE STAY COND (B517),1
10,Condensor Assy,F830-MD9AA-02,HEADER ASSY-COND TANK (B517),Process Item,Condensor Assy,00203051-CSAA,CLAD SHEET(59.6*131.5*3),0.064
10,Condensor Assy,F830-MD9AA-02,HEADER ASSY-COND TANK (B517),Raw Material,Raw Material,00203051-01-000,CLAD SHEET (262 x 3mm),1
10,Condensor Assy,F830-MD9AA-02,HEADER ASSY-COND TANK (B517),Process Item,Cond Sub Assembly,839-MD9AA-SFG-03,COND TUBE INLET (B517),1
10,Condensor Assy,F830-MD9AA-02,HEADER ASSY-COND TANK (B517),Purchase Item,Condensor Assy,F839-MD9AA-03,Cond Tube Inlet (B517),1
10,Condensor Assy,F830-MD9AA-02,HEADER ASSY-COND TANK (B517),Process Item,Cond Sub Assembly,840-MD9AA-SFG-03,COND TUBE OUTLET (B517),1
10,Condensor Assy,F830-MD9AA-02,HEADER ASSY-COND TANK (B517),Purchase Item,Condensor Assy,F840-MD9AA-03,Cond Tube Outlet (B517),1
10,Condensor Assy,F830-MD9AA-02,HEADER ASSY-COND TANK (B517),Process Item,Press Part,F841-MD9AA,BRKT-A TANK (B517),1
10,Condensor Assy,F830-MD9AA-02,HEADER ASSY-COND TANK (B517),Raw Material,Raw Material,RJAE5T5BPRWON080,Extrusion Bar (S2721 / 27949),0.016
10,Condensor Assy,F830-MD9AA-02,HEADER ASSY-COND TANK (B517),Process Item,Press Part,F842-MD9AA,BRKT-D TANK (B517),1
10,Condensor Assy,F830-MD9AA-02,HEADER ASSY-COND TANK (B517),Raw Material,Raw Material,RJAE5T5BPRWON079,Extrusion Bar (S2720 / 27982),0.03
10,Condensor Assy,F830-MD9AA-02,HEADER ASSY-COND TANK (B517),Purchase Item,Condensor Assy,F827-CG6BA-01,BAFFLE B517,5
10,Condensor Assy,F830-MD9AA-02,HEADER ASSY-COND TANK (B517),Purchase Item,Condensor Assy,F823-MD9AA-01,HEADER (B517),1
10,Condensor Assy,F830-MD9AA-02,HEADER ASSY-COND TANK (B517),Purchase Item,Condensor Assy,W705376-S900,RIVET (B517),2
10,Condensor Assy,F830-MD9AA-02,HEADER ASSY-COND TANK (B517),Purchase Item,Sub Assembly,SF-010-0301,RIVET 3MM (COMMON),2
11,Condensor Assy,F830-QJBAA-03,HEADER ASSY-COND TANK GSL (HA),,,,,1
11,Condensor Assy,F830-QJBAA-03,HEADER ASSY-COND TANK GSL (HA),Process Item,Cond Sub Assembly,830-QJBAA-SFG-03,STACKING SUB ASSY ( HA GSL),1
11,Condensor Assy,F830-QJBAA-03,HEADER ASSY-COND TANK GSL (HA),Purchase Item,Condensor Assy,F824-QJBAA-03,TANK GSL (HA),1
11,Condensor Assy,F830-QJBAA-03,HEADER ASSY-COND TANK GSL (HA),Process Item,Press Part,F842-QJBAA,BRKT COMMON (HA),1
11,Condensor Assy,F830-QJBAA-03,HEADER ASSY-COND TANK GSL (HA),Raw Material,Raw Material,RJAE5T5BPRWON009,Extrusion Bar (3812),0.01167
11,Condensor Assy,F830-QJBAA-03,HEADER ASSY-COND TANK GSL (HA),Process Item,Press Part,F843-QJBAA,BRKT GSL/RD (HA),1
11,Condensor Assy,F830-QJBAA-03,HEADER ASSY-COND TANK GSL (HA),Raw Material,Raw Material,RKAE5T5BPRWON010,Extrusion Bar (3807),0.0153
11,Condensor Assy,F830-QJBAA-03,HEADER ASSY-COND TANK GSL (HA),Purchase Item,Condensor Assy,F827-EB9AA-02,BAFFLE-COND (HA & A-ENTRY),5
11,Condensor Assy,F830-QJBAA-03,HEADER ASSY-COND TANK GSL (HA),Purchase Item,Sub Assembly,SF-010-0301,RIVET 3MM (COMMON),4
11,Condensor Assy,F830-QJBAA-03,HEADER ASSY-COND TANK GSL (HA),Purchase Item,Sub Assembly,F281-QQVAA-02,Bush Inlet (HA & A-ENTRY & GS & EMXI),1
11,Condensor Assy,F830-QJBAA-03,HEADER ASSY-COND TANK GSL (HA),Process Item,Cond Sub Assembly,742-QJBAA,COND SUB ASSY GSL (HA),1
11,Condensor Assy,F830-QJBAA-03,HEADER ASSY-COND TANK GSL (HA),Process Item,Cut Piece,742-QJBAA-TO03/C,COND TUBE OUTLET GSL (HA),1
11,Condensor Assy,F830-QJBAA-03,HEADER ASSY-COND TANK GSL (HA),Raw Material,Raw Material,RAT1TB0800100STR,Al Tube (8 X1.00MM)-(3103),0.012
11,Condensor Assy,F830-QJBAA-03,HEADER ASSY-COND TANK GSL (HA),Process Item,Machining Cond,742-QJBAA-CF03,COND FLANGE GSL (HA),1
11,Condensor Assy,F830-QJBAA-03,HEADER ASSY-COND TANK GSL (HA),Raw Material,Raw Material,RJAE1T6SPRWON065,Extrusion Bar (28094),0.1252
11,Condensor Assy,F830-QJBAA-03,HEADER ASSY-COND TANK GSL (HA),Process Item,Consumables (Direct),CON00035,Brazing Ring (8MM),1
11,Condensor Assy,F830-QJBAA-03,HEADER ASSY-COND TANK GSL (HA),Raw Material,Raw Material,CON00034,1.6MM Spool Coil (4045),0.0001
11,Condensor Assy,F830-QJBAA-03,HEADER ASSY-COND TANK GSL (HA),Purchase Item,Condensor Assy,F823-CPAAA-02,HEADER GSL (HA),1
11,Condensor Assy,F830-QJBAA-03,HEADER ASSY-COND TANK GSL (HA),Consumables,Condensor Assy,CON00024,ASSEMBLY FLUX (Liqude),0.0057
12,Condensor Assy,F830-QQ3BA-01,HEADER ASSY-COND TANK HE (EMXI),,,,,1
12,Condensor Assy,F830-QQ3BA-01,HEADER ASSY-COND TANK HE (EMXI),Process Item,Cond Sub Assembly,830-QQ3BA-SFG-01,STACKING SUB ASSY TANK (EMXI),1
12,Condensor Assy,F830-QQ3BA-01,HEADER ASSY-COND TANK HE (EMXI),Purchase Item,Condensor Assy,F824-QQ3BA-01,TANK (EMXI),1
12,Condensor Assy,F830-QQ3BA-01,HEADER ASSY-COND TANK HE (EMXI),Purchase Item,Sub Assembly,F827-NE9AB-01,BAFFLE -PA,4
12,Condensor Assy,F830-QQ3BA-01,HEADER ASSY-COND TANK HE (EMXI),Purchase Item,Condensor Assy,F841-QQ3BA-01,BRKT MTG (EMXI),1
12,Condensor Assy,F830-QQ3BA-01,HEADER ASSY-COND TANK HE (EMXI),Process Item,Press Part,F843-QQ3BA-01,BRKT-D TANK (EMXI),1
12,Condensor Assy,F830-QQ3BA-01,HEADER ASSY-COND TANK HE (EMXI),Raw Material,Raw Material,RJAE5T5BPRWON077,Extrusion Bar (28009),0.0208
12,Condensor Assy,F830-QQ3BA-01,HEADER ASSY-COND TANK HE (EMXI),Purchase Item,Sub Assembly,SF-010-0301,RIVET 3MM (COMMON),2
12,Condensor Assy,F830-QQ3BA-01,HEADER ASSY-COND TANK HE (EMXI),Purchase Item,Sub Assembly,F281-QQVAA-02,Bush Inlet (HA & A-ENTRY & GS & EMXI),1
12,Condensor Assy,F830-QQ3BA-01,HEADER ASSY-COND TANK HE (EMXI),Purchase Item,Sub Assembly,F281-QQVAB-01,Bush Outlet,1
12,Condensor Assy,F830-QQ3BA-01,HEADER ASSY-COND TANK HE (EMXI),Purchase Item,EVAP/AC-Tubing,RKP00003,KNURL Pin 3mm,1
12,Condensor Assy,F830-QQ3BA-01,HEADER ASSY-COND TANK HE (EMXI),Purchase Item,EVAP/AC-Tubing,SL-040-01,KNURL Pin 4mm,1
12,Condensor Assy,F830-QQ3BA-01,HEADER ASSY-COND TANK HE (EMXI),Process Item,Machining Cond,F839-QQ3BA-01,COND FLANGE INLET (EMXI),1
12,Condensor Assy,F830-QQ3BA-01,HEADER ASSY-COND TANK HE (EMXI),Process Item,Cut Piece,F839-QQ3BA-01/C,COND FLANGE INLET (EMXI),1
12,Condensor Assy,F830-QQ3BA-01,HEADER ASSY-COND TANK HE (EMXI),Raw Material,Raw Material,RJAE1T6SPRWON076,Extrusion Bar (S2873 / 27878),0.065
12,Condensor Assy,F830-QQ3BA-01,HEADER ASSY-COND TANK HE (EMXI),Process Item,Machining Cond,F840-QQ3BA-01,COND FLANGE OUTLET (EMXI),1
12,Condensor Assy,F830-QQ3BA-01,HEADER ASSY-COND TANK HE (EMXI),Process Item,Cut Piece,F840-QQ3BA-01/C,COND FLANGE OUTLET (EMXI),1
12,Condensor Assy,F830-QQ3BA-01,HEADER ASSY-COND TANK HE (EMXI),Raw Material,Raw Material,RJAE1T6SPRWON076,Extrusion Bar (S2873 / 27878),0.0454
12,Condensor Assy,F830-QQ3BA-01,HEADER ASSY-COND TANK HE (EMXI),Purchase Item,Condensor Assy,F823-QQ3BA-01,HEADER TANK (EMXI),1
13,Condensor Assy,F830-QQ7CA-02,HEADER ASSY-COND TANK HE GSL (PA),,,,,1
13,Condensor Assy,F830-QQ7CA-02,HEADER ASSY-COND TANK HE GSL (PA),Process Item,Cond Sub Assembly,830-QQ7CA-SFG-02,STACKING SUB ASSY TANK (PA GSL),1
13,Condensor Assy,F830-QQ7CA-02,HEADER ASSY-COND TANK HE GSL (PA),Purchase Item,Condensor Assy,F824-QQ7CA-02,TANK GSL (PA HE),1
13,Condensor Assy,F830-QQ7CA-02,HEADER ASSY-COND TANK HE GSL (PA),Purchase Item,Sub Assembly,F827-NE9AB-01,BAFFLE -PA,5
13,Condensor Assy,F830-QQ7CA-02,HEADER ASSY-COND TANK HE GSL (PA),Process Item,Press Part,F841-QQ7CA,BRKT COND GSL (PA HE & AH EPSILON),1
13,Condensor Assy,F830-QQ7CA-02,HEADER ASSY-COND TANK HE GSL (PA),Raw Material,Raw Material,RJAE5T5BPRWON003,Extrusion Bar (28024),0.02509
13,Condensor Assy,F830-QQ7CA-02,HEADER ASSY-COND TANK HE GSL (PA),Purchase Item,Sub Assembly,SF-010-0301,RIVET 3MM (COMMON),3
13,Condensor Assy,F830-QQ7CA-02,HEADER ASSY-COND TANK HE GSL (PA),Process Item,Cond Sub Assembly,742-QQ7CA,COND SUB ASSY (PA HE),1
13,Condensor Assy,F830-QQ7CA-02,HEADER ASSY-COND TANK HE GSL (PA),Process Item,Cond Sub Assembly,742-QQ7CA-TO02,COND TUBE OUTLET GSL (PA HE),1
13,Condensor Assy,F830-QQ7CA-02,HEADER ASSY-COND TANK HE GSL (PA),Process Item,Cut Piece,742-QQ7CA-TO02/C,COND TUBE OUTLET GSL (PA HE),1
13,Condensor Assy,F830-QQ7CA-02,HEADER ASSY-COND TANK HE GSL (PA),Raw Material,Raw Material,RAT1TB0800100STR,Al Tube (8 X1.00MM)-(3103),0.019
13,Condensor Assy,F830-QQ7CA-02,HEADER ASSY-COND TANK HE GSL (PA),Process Item,Machining Cond,F742-QQ7AB-CF02,COND FLANGE GSL (PA HE),1
13,Condensor Assy,F830-QQ7CA-02,HEADER ASSY-COND TANK HE GSL (PA),#N/A,#N/A,F742-QQ7AB-CF02/C,COND FLANGE GSL (PA HE),1
13,Condensor Assy,F830-QQ7CA-02,HEADER ASSY-COND TANK HE GSL (PA),Raw Material,Raw Material,RJAE5T5SPRWON002,Extrusion Bar (28051),0.0998
13,Condensor Assy,F830-QQ7CA-02,HEADER ASSY-COND TANK HE GSL (PA),Process Item,Cond Sub Assembly,742-QQ7CA-TI02,COND TUBE INLET GSL (PA HE),1
13,Condensor Assy,F830-QQ7CA-02,HEADER ASSY-COND TANK HE GSL (PA),Process Item,Cut Piece,742-QQ7CA-TI02/C,COND TUBE INLET GSL (PA HE),1
13,Condensor Assy,F830-QQ7CA-02,HEADER ASSY-COND TANK HE GSL (PA),Raw Material,Raw Material,RAT1TB1200120STR,Al Tube (12.0 X1.24MM)-(3103),0.018
13,Condensor Assy,F830-QQ7CA-02,HEADER ASSY-COND TANK HE GSL (PA),Process Item,Press Part,F742-BRKPS01,BRKT GSL COND PIPE SUPPORT (PA),1
13,Condensor Assy,F830-QQ7CA-02,HEADER ASSY-COND TANK HE GSL (PA),Process Item,Raw Material,00227137-01-17.7mm,CLAD SHEET(17.7mm),0.0112
13,Condensor Assy,F830-QQ7CA-02,HEADER ASSY-COND TANK HE GSL (PA),Raw Material,Raw Material,00227138-01-0000,Clad Sheet -1mm (PA/GS/W201),1
13,Condensor Assy,F830-QQ7CA-02,HEADER ASSY-COND TANK HE GSL (PA),Purchase Item,Condensor Assy,F823-QQ7CA-01,HEADER GSL (PA HE),1
13,Condensor Assy,F830-QQ7CA-02,HEADER ASSY-COND TANK HE GSL (PA),Consumables,Condensor Assy,CON00024,ASSEMBLY FLUX (Liqude),0.0002
14,Condensor Assy,F830-WBAAB-04,HEADER ASSY-COND TANK (W201),,,,,1
14,Condensor Assy,F830-WBAAB-04,HEADER ASSY-COND TANK (W201),Process Item,Cond Sub Assembly,830-WBAAB-SFG-04,STACKING SUB ASSY (W201 GSL),1
14,Condensor Assy,F830-WBAAB-04,HEADER ASSY-COND TANK (W201),Purchase Item,Condensor Assy,F824-WBAAB-02,TANK GSL (W201),1
14,Condensor Assy,F830-WBAAB-04,HEADER ASSY-COND TANK (W201),Process Item,Press Part,F841-WBAAA-01,BRKT TANK MTG 20mm INHOUSE (W201),1
14,Condensor Assy,F830-WBAAB-04,HEADER ASSY-COND TANK (W201),Raw Material,Raw Material,RSAE5T5BPRWON007,Extrusion Bar (22797),0.0103
14,Condensor Assy,F830-WBAAB-04,HEADER ASSY-COND TANK (W201),Process Item,Press Part,F842-WBAAA-01,BRKT TANK MTG 23mm INHOUSE (W201/W205),1
14,Condensor Assy,F830-WBAAB-04,HEADER ASSY-COND TANK (W201),Raw Material,Raw Material,RKAE5T5BPRWON006,Extrusion Bar (22548),0.0095
14,Condensor Assy,F830-WBAAB-04,HEADER ASSY-COND TANK (W201),Process Item,Press Part,F841-WBAAB-04,BRKT TANK MTG Small (W201/W205),1
14,Condensor Assy,F830-WBAAB-04,HEADER ASSY-COND TANK (W201),Raw Material,Raw Material,RKAE5T5BPRWON005,Extrusion Bar (3817/22272),0.02
14,Condensor Assy,F830-WBAAB-04,HEADER ASSY-COND TANK (W201),Process Item,Press Part,F842-WBAAB-04,BRKT TANK COND MTG STEP (W201/W205),1
14,Condensor Assy,F830-WBAAB-04,HEADER ASSY-COND TANK (W201),Raw Material,Raw Material,RSAE5T5BPRWON004,Extrusion Bar (22271),0.02
14,Condensor Assy,F830-WBAAB-04,HEADER ASSY-COND TANK (W201),Purchase Item,Condensor Assy,F827-CG6BA-01,BAFFLE B517,5
14,Condensor Assy,F830-WBAAB-04,HEADER ASSY-COND TANK (W201),Consumables,Condensor Assy,CON00024,ASSEMBLY FLUX (Liqude),0.0002
14,Condensor Assy,F830-WBAAB-04,HEADER ASSY-COND TANK (W201),Purchase Item,Sub Assembly,SF-010-0301,RIVET 3MM (COMMON),6
14,Condensor Assy,F830-WBAAB-04,HEADER ASSY-COND TANK (W201),Process Item,Press Part,F742-BRKPS02,BRKT GSL COND PIPE SUPPORT (W201/W205),1
14,Condensor Assy,F830-WBAAB-04,HEADER ASSY-COND TANK (W201),Process Item,Raw Material,00227137-01-17.7mm,CLAD SHEET(17.7mm),0.006
14,Condensor Assy,F830-WBAAB-04,HEADER ASSY-COND TANK (W201),Raw Material,Raw Material,00227138-01-0000,Clad Sheet -1mm (PA/GS/W201),1
14,Condensor Assy,F830-WBAAB-04,HEADER ASSY-COND TANK (W201),Process Item,Cond Sub Assembly,742-WBAAB,COND SUB ASSY (W201/W205),1
14,Condensor Assy,F830-WBAAB-04,HEADER ASSY-COND TANK (W201),Process Item,Machining Cond,742-WBAAB-CF04,COND FLANGE GSL (W201),1
14,Condensor Assy,F830-WBAAB-04,HEADER ASSY-COND TANK (W201),Raw Material,Raw Material,RGAE1T5SPRWON131,Extrusion Bar (SRH-15 / WJI-910),0.07
14,Condensor Assy,F830-WBAAB-04,HEADER ASSY-COND TANK (W201),Process Item,Cond Sub Assembly,742-WBAAB-TI04,COND TUBE INLET (W201),1
14,Condensor Assy,F830-WBAAB-04,HEADER ASSY-COND TANK (W201),Process Item,Cut Piece,742-WBAAB-TI04/C,COND TUBE INLET (W201),1
14,Condensor Assy,F830-WBAAB-04,HEADER ASSY-COND TANK (W201),Raw Material,Raw Material,RAT1TB1200120STR,Al Tube (12.0 X1.24MM)-(3103),0.02
14,Condensor Assy,F830-WBAAB-04,HEADER ASSY-COND TANK (W201),Process Item,Cond Sub Assembly,742-WBAAB-TO04,COND TUBE OUTLET (W201),1
14,Condensor Assy,F830-WBAAB-04,HEADER ASSY-COND TANK (W201),Process Item,Cut Piece,742-WBAAB-TO04/C,COND TUBE OUTLET (W201),1
14,Condensor Assy,F830-WBAAB-04,HEADER ASSY-COND TANK (W201),Raw Material,Raw Material,RAT1TB0800100STR,Al Tube (8 X1.00MM)-(3103),0.022
14,Condensor Assy,F830-WBAAB-04,HEADER ASSY-COND TANK (W201),Purchase Item,Condensor Assy,F823-WBAAA-01,HEADER GSL/RD (W201/W205),1
15,Condensor Assy,F831-CB5AA-03,HEADER ASSY-COND TANK-(A) (MCI),,,,,1
15,Condensor Assy,F831-CB5AA-03,HEADER ASSY-COND TANK-(A) (MCI),Process Item,Cond Sub Assembly,831-CB5AA-SFG-03,STACKING SUB ASSY TANK A  (MCI),1
15,Condensor Assy,F831-CB5AA-03,HEADER ASSY-COND TANK-(A) (MCI),Purchase Item,Condensor Assy,F833-CB5AA-02,MCI TANK A COND,1
15,Condensor Assy,F831-CB5AA-03,HEADER ASSY-COND TANK-(A) (MCI),Purchase Item,Sub Assembly,F827-DC4AA-02,BAFFLE-MCI,3
15,Condensor Assy,F831-CB5AA-03,HEADER ASSY-COND TANK-(A) (MCI),Purchase Item,Condensor Assy,F856-MAXAC-01,MCI CAP,1
15,Condensor Assy,F831-CB5AA-03,HEADER ASSY-COND TANK-(A) (MCI),Process Item,Cond Sub Assembly,742-CB5AA,COND SUB ASSY (MCI),1
15,Condensor Assy,F831-CB5AA-03,HEADER ASSY-COND TANK-(A) (MCI),Process Item,Cond Sub Assembly,742-CB5AA-TI03,COND TUBE INLET (MCI),1
15,Condensor Assy,F831-CB5AA-03,HEADER ASSY-COND TANK-(A) (MCI),Process Item,Cut Piece,742-CB5AA-TI03/C,COND TUBE INLET (MCI),1
15,Condensor Assy,F831-CB5AA-03,HEADER ASSY-COND TANK-(A) (MCI),Raw Material,Raw Material,RAT1TB1200120STR,Al Tube (12.0 X1.24MM)-(3103),0.016
15,Condensor Assy,F831-CB5AA-03,HEADER ASSY-COND TANK-(A) (MCI),Process Item,Cond Sub Assembly,742-CB5AA-TO03,COND TUBE OUTLET (MCI),1
15,Condensor Assy,F831-CB5AA-03,HEADER ASSY-COND TANK-(A) (MCI),Process Item,Cut Piece,742-CB5AA-TO03/C,COND TUBE OUTLET (MCI),1
15,Condensor Assy,F831-CB5AA-03,HEADER ASSY-COND TANK-(A) (MCI),Raw Material,Raw Material,RAT1TB0800100STR,Al Tube (8 X1.00MM)-(3103),0.018
15,Condensor Assy,F831-CB5AA-03,HEADER ASSY-COND TANK-(A) (MCI),Process Item,Machining Cond,F742-CB5AA-CF03,COND FLANGE (MCI),1
15,Condensor Assy,F831-CB5AA-03,HEADER ASSY-COND TANK-(A) (MCI),Process Item,Cut Piece,F742-CB5AA-CF03/C,COND FLANGE (MCI),1
15,Condensor Assy,F831-CB5AA-03,HEADER ASSY-COND TANK-(A) (MCI),Raw Material,Raw Material,RIAE1T5SPRWON108,Extrusion Bar (IL-19) - Cond Flange (MCI),0.17108
15,Condensor Assy,F831-CB5AA-03,HEADER ASSY-COND TANK-(A) (MCI),Consumables,Condensor Assy,CON00115,ASSEMBLY FLUX PASTE AFP 200 (FIRINIT),0.00025
15,Condensor Assy,F831-CB5AA-03,HEADER ASSY-COND TANK-(A) (MCI),Process Item,Consumables (Direct),CON00035,Brazing Ring (8MM),1
15,Condensor Assy,F831-CB5AA-03,HEADER ASSY-COND TANK-(A) (MCI),Raw Material,Raw Material,CON00034,1.6MM Spool Coil (4045),0.0001
15,Condensor Assy,F831-CB5AA-03,HEADER ASSY-COND TANK-(A) (MCI),Process Item,Consumables (Direct),CON00038,Brazing Ring (12MM),1
15,Condensor Assy,F831-CB5AA-03,HEADER ASSY-COND TANK-(A) (MCI),Raw Material,Raw Material,CON00031,1.6MM Spool Coil (4047),0.0002
15,Condensor Assy,F831-CB5AA-03,HEADER ASSY-COND TANK-(A) (MCI),Process Item,Press Part,MCI-BKTB-OFF,BRKT TANK A ST (MCI),1
15,Condensor Assy,F831-CB5AA-03,HEADER ASSY-COND TANK-(A) (MCI),Raw Material,Raw Material,RSAE5T5BPRWON086,Extrusion Bar (20955),0.034
15,Condensor Assy,F831-CB5AA-03,HEADER ASSY-COND TANK-(A) (MCI),Process Item,Press Part,F742-CB5AA-PS03,BRKT COND PIPE SUPPORT (MCI),1
15,Condensor Assy,F831-CB5AA-03,HEADER ASSY-COND TANK-(A) (MCI),Raw Material,Raw Material,XLR209-QQVCC-01,PIPE SUPPORT COIL,0.0112
15,Condensor Assy,F831-CB5AA-03,HEADER ASSY-COND TANK-(A) (MCI),Purchase Item,Condensor Assy,F823-CB5AA-02,HEADER-COND (MCI),1
15,Condensor Assy,F831-CB5AA-03,HEADER ASSY-COND TANK-(A) (MCI),Purchase Item,Condensor Assy,VP3M5H-50684-AA,RIVET (GMI),3
15,Condensor Assy,F831-CB5AA-03,HEADER ASSY-COND TANK-(A) (MCI),Purchase Item,Condensor Assy,F281-CBXAB-02,CLAD SHEET-S,1
15,Condensor Assy,F831-CB5AA-03,HEADER ASSY-COND TANK-(A) (MCI),Purchase Item,Condensor Assy,YHBH-19E778-AA,END CAP-LCI,1
16,Condensor Assy,F831-KP1AA-06,HEADER ASSY-COND TANK-(A) (TBI),,,,,1
16,Condensor Assy,F831-KP1AA-06,HEADER ASSY-COND TANK-(A) (TBI),Process Item,Cond Sub Assembly,831-KP1AA-SFG-06,STACKING SUB ASSY TANK A (TBI),1
16,Condensor Assy,F831-KP1AA-06,HEADER ASSY-COND TANK-(A) (TBI),Purchase Item,Condensor Assy,F823-KKXAA-03,HEADER (TBI),1
16,Condensor Assy,F831-KP1AA-06,HEADER ASSY-COND TANK-(A) (TBI),Process Item,Condensor Assy,F827-GGXAA-06,BAFFLE (TBI) IN HOUSE,3
16,Condensor Assy,F831-KP1AA-06,HEADER ASSY-COND TANK-(A) (TBI),Raw Material,Raw Material,XU3H-19E781-AA01,BAFFLE (TBI),0.0002
16,Condensor Assy,F831-KP1AA-06,HEADER ASSY-COND TANK-(A) (TBI),Purchase Item,Condensor Assy,F864-KP1AA,RECEIVER DRIER (RD) (LC/MCI/TBI),1
16,Condensor Assy,F831-KP1AA-06,HEADER ASSY-COND TANK-(A) (TBI),Purchase Item,Condensor Assy,F856-MAXAC-01,MCI CAP,1
16,Condensor Assy,F831-KP1AA-06,HEADER ASSY-COND TANK-(A) (TBI),Purchase Item,Condensor Assy,F842-KP1AA-01,BRKT-A COND (TBI),1
16,Condensor Assy,F831-KP1AA-06,HEADER ASSY-COND TANK-(A) (TBI),Purchase Item,Condensor Assy,F841-QQVAA-04,CAP-TBI,1
16,Condensor Assy,F831-KP1AA-06,HEADER ASSY-COND TANK-(A) (TBI),Purchase Item,Condensor Assy,F274-QQVAA-03,CLIP-EMXI,2
16,Condensor Assy,F831-KP1AA-06,HEADER ASSY-COND TANK-(A) (TBI),Purchase Item,Condensor Assy,F828-QQVAA-04,CAP END EMXI (COMMON),1
16,Condensor Assy,F831-KP1AA-06,HEADER ASSY-COND TANK-(A) (TBI),Purchase Item,Sub Assembly,F855-DC4AA-02P,CONNECTOR TUBE (MCI/B562/W205),3
16,Condensor Assy,F831-KP1AA-06,HEADER ASSY-COND TANK-(A) (TBI),Purchase Item,Condensor Assy,4HDH-19D718-AA,TANK (TBI),1
16,Condensor Assy,F831-KP1AA-06,HEADER ASSY-COND TANK-(A) (TBI),Purchase Item,Condensor Assy,VP3M5H-50684-AA,RIVET (GMI),3
16,Condensor Assy,F831-KP1AA-06,HEADER ASSY-COND TANK-(A) (TBI),Purchase Item,Condensor Assy,F281-CBXAB-02,CLAD SHEET-S,1
17,Condensor Assy,F831-LF4AB-01,HEADER ASSY-COND TANK-(A) (GMI),,,,,1
17,Condensor Assy,F831-LF4AB-01,HEADER ASSY-COND TANK-(A) (GMI),Process Item,Cond Sub Assembly,831-LF4AB-SFG-01,RIVETING SUB ASSY TANK A ( GMI),1
17,Condensor Assy,F831-LF4AB-01,HEADER ASSY-COND TANK-(A) (GMI),Purchase Item,Condensor Assy,F833-LF4AA-01,TANK A RD (GMI),1
17,Condensor Assy,F831-LF4AB-01,HEADER ASSY-COND TANK-(A) (GMI),Purchase Item,Condensor Assy,3AMH-19702-AA,BRKT MTG (GMI),1
17,Condensor Assy,F831-LF4AB-01,HEADER ASSY-COND TANK-(A) (GMI),Purchase Item,Condensor Assy,3AMH-19732-AA,BRKT A (GMI),1
17,Condensor Assy,F831-LF4AB-01,HEADER ASSY-COND TANK-(A) (GMI),Purchase Item,Condensor Assy,F828-QQVAA-04,CAP END EMXI (COMMON),2
17,Condensor Assy,F831-LF4AB-01,HEADER ASSY-COND TANK-(A) (GMI),Purchase Item,Condensor Assy,F827-QQVAA-08,BAFFLE  (EMXI),2
17,Condensor Assy,F831-LF4AB-01,HEADER ASSY-COND TANK-(A) (GMI),Purchase Item,Condensor Assy,VP3M5H-50684-AA,RIVET (GMI),3
17,Condensor Assy,F831-LF4AB-01,HEADER ASSY-COND TANK-(A) (GMI),Process Item,Cond Sub Assembly,742-LF4AB,COND SUB ASSY (GMI),1
17,Condensor Assy,F831-LF4AB-01,HEADER ASSY-COND TANK-(A) (GMI),Process Item,Cond Sub Assembly,742-LF4AB-TO01,COND TUBE OUTLET (GMI),1
17,Condensor Assy,F831-LF4AB-01,HEADER ASSY-COND TANK-(A) (GMI),Process Item,Cut Piece,742-LF4AB-TO01/C,COND TUBE OUTLET (GMI),1
17,Condensor Assy,F831-LF4AB-01,HEADER ASSY-COND TANK-(A) (GMI),Raw Material,Raw Material,RAT1TB0800100STR,Al Tube (8 X1.00MM)-(3103),0.015
17,Condensor Assy,F831-LF4AB-01,HEADER ASSY-COND TANK-(A) (GMI),Purchase Item,Condensor Assy,3AMH-19D720-AB,COND FLANGE (GMI),1
17,Condensor Assy,F831-LF4AB-01,HEADER ASSY-COND TANK-(A) (GMI),Consumables,Condensor Assy,CON00115,ASSEMBLY FLUX PASTE AFP 200 (FIRINIT),0.00011
17,Condensor Assy,F831-LF4AB-01,HEADER ASSY-COND TANK-(A) (GMI),Process Item,Consumables (Direct),CON00035,Brazing Ring (8MM),1
17,Condensor Assy,F831-LF4AB-01,HEADER ASSY-COND TANK-(A) (GMI),Raw Material,Raw Material,CON00034,1.6MM Spool Coil (4045),0.0001
17,Condensor Assy,F831-LF4AB-01,HEADER ASSY-COND TANK-(A) (GMI),Purchase Item,Condensor Assy,F281-CBXAB-02,CLAD SHEET-S,1
17,Condensor Assy,F831-LF4AB-01,HEADER ASSY-COND TANK-(A) (GMI),Purchase Item,Condensor Assy,F823-LF4AA-01,HEADER GSL/RD (GMI),1
18,Condensor Assy,F831-MD9AA-03,HEADER ASSY-COND TANK-(A) (B517),,,,,1
18,Condensor Assy,F831-MD9AA-03,HEADER ASSY-COND TANK-(A) (B517),Process Item,Cond Sub Assembly,831-MD9AA-SFG-03,STACKING SUB ASSY TANK A (B517),1
18,Condensor Assy,F831-MD9AA-03,HEADER ASSY-COND TANK-(A) (B517),Purchase Item,Condensor Assy,F833-MD9AA-01,TANK A COND (B517),1
18,Condensor Assy,F831-MD9AA-03,HEADER ASSY-COND TANK-(A) (B517),Purchase Item,Condensor Assy,F855-MD9AA-01,Connector-R/Tank(B517),3
18,Condensor Assy,F831-MD9AA-03,HEADER ASSY-COND TANK-(A) (B517),Purchase Item,Condensor Assy,F864-MD9AA-02,RECEIVER DRIER (RD) (B517),1
18,Condensor Assy,F831-MD9AA-03,HEADER ASSY-COND TANK-(A) (B517),Process Item,Cut Piece,00203055-CSAF,CLAD SHEET(20*55*1),1
18,Condensor Assy,F831-MD9AA-03,HEADER ASSY-COND TANK-(A) (B517),Raw Material,Consumables (Direct),203030,CLAD SHEET-0.15mm THK,0.0008
18,Condensor Assy,F831-MD9AA-03,HEADER ASSY-COND TANK-(A) (B517),Process Item,Press Part,F843-MD9AA,BRKT-B TANK A (B517),1
18,Condensor Assy,F831-MD9AA-03,HEADER ASSY-COND TANK-(A) (B517),Raw Material,Raw Material,RJAE5T5BPRWON082,Extrusion Bar (S3214 / 28044),0.039
18,Condensor Assy,F831-MD9AA-03,HEADER ASSY-COND TANK-(A) (B517),Process Item,Press Part,F844-MD9AA,BRKT-C TANK A (B517),1
18,Condensor Assy,F831-MD9AA-03,HEADER ASSY-COND TANK-(A) (B517),Raw Material,Raw Material,RJAE5T5BPRWON081,Extrusion Bar (S2722 / 27983),0.022
18,Condensor Assy,F831-MD9AA-03,HEADER ASSY-COND TANK-(A) (B517),Process Item,Sub Assembly,F856-MD9AA-01,CAP RD (HA/BA/GS/KAPPA/A-ENTRY/B517/B562 /AUDi A3),1
18,Condensor Assy,F831-MD9AA-03,HEADER ASSY-COND TANK-(A) (B517),Purchase Item,Condensor Assy,F827-CG6BA-01,BAFFLE B517,5
18,Condensor Assy,F831-MD9AA-03,HEADER ASSY-COND TANK-(A) (B517),Purchase Item,Condensor Assy,F823-MD9AA-01,HEADER (B517),1
18,Condensor Assy,F831-MD9AA-03,HEADER ASSY-COND TANK-(A) (B517),Purchase Item,Sub Assembly,SF-010-0301,RIVET 3MM (COMMON),2
19,Condensor Assy,F831-QJBAA-02,HEADER ASSY-COND TANK-(A) (HA),,,,,1
19,Condensor Assy,F831-QJBAA-02,HEADER ASSY-COND TANK-(A) (HA),Process Item,Cond Sub Assembly,831-QJBAA-SFG-02,STACKING SUB ASSY ( HA RD),1
19,Condensor Assy,F831-QJBAA-02,HEADER ASSY-COND TANK-(A) (HA),Purchase Item,Condensor Assy,F833-QJBAA-03,TANK-A RD (HA),1
19,Condensor Assy,F831-QJBAA-02,HEADER ASSY-COND TANK-(A) (HA),Purchase Item,Condensor Assy,F827-EB9AA-02,BAFFLE-COND (HA & A-ENTRY),5
19,Condensor Assy,F831-QJBAA-02,HEADER ASSY-COND TANK-(A) (HA),Purchase Item,Condensor Assy,F855-ATBAA-01,CONNECTOR (HA & BA & A-ENTRY & GS & KAPPA & AH),3
19,Condensor Assy,F831-QJBAA-02,HEADER ASSY-COND TANK-(A) (HA),Purchase Item,Condensor Assy,F864-CPAAA-02,RECEIVER DRIER (RD) (HA & KAPPA),1
19,Condensor Assy,F831-QJBAA-02,HEADER ASSY-COND TANK-(A) (HA),Process Item,Sub Assembly,F856-MD9AA-01,CAP RD (HA/BA/GS/KAPPA/A-ENTRY/B517/B562 /AUDi A3),1
19,Condensor Assy,F831-QJBAA-02,HEADER ASSY-COND TANK-(A) (HA),Process Item,Press Part,F842-QJBAA,BRKT COMMON (HA),1
19,Condensor Assy,F831-QJBAA-02,HEADER ASSY-COND TANK-(A) (HA),Raw Material,Raw Material,RJAE5T5BPRWON009,Extrusion Bar (3812),0.01167
19,Condensor Assy,F831-QJBAA-02,HEADER ASSY-COND TANK-(A) (HA),Process Item,Press Part,F843-QJBAA,BRKT GSL/RD (HA),1
19,Condensor Assy,F831-QJBAA-02,HEADER ASSY-COND TANK-(A) (HA),Raw Material,Raw Material,RKAE5T5BPRWON010,Extrusion Bar (3807),0.0153
19,Condensor Assy,F831-QJBAA-02,HEADER ASSY-COND TANK-(A) (HA),Purchase Item,Sub Assembly,SF-010-0301,RIVET 3MM (COMMON),2
19,Condensor Assy,F831-QJBAA-02,HEADER ASSY-COND TANK-(A) (HA),Purchase Item,Condensor Assy,F823-CPAAB-02,HEADER RD (HA),1
19,Condensor Assy,F831-QJBAA-02,HEADER ASSY-COND TANK-(A) (HA),Consumables,Condensor Assy,CON00024,ASSEMBLY FLUX (Liqude),0.0002
20,Condensor Assy,F831-QQ3BA-01,HEADER ASSY-COND TANK-(A) (EMXI),,,,,1
20,Condensor Assy,F831-QQ3BA-01,HEADER ASSY-COND TANK-(A) (EMXI),Process Item,Cond Sub Assembly,831-QQ3BA-SFG-01,STACKING SUB ASSY TANK A (EMXI),1
20,Condensor Assy,F831-QQ3BA-01,HEADER ASSY-COND TANK-(A) (EMXI),Purchase Item,Condensor Assy,F833-QQ3BA-01,TANK A (EMXI),1
20,Condensor Assy,F831-QQ3BA-01,HEADER ASSY-COND TANK-(A) (EMXI),Purchase Item,Sub Assembly,F827-NE9AB-01,BAFFLE -PA,3
20,Condensor Assy,F831-QQ3BA-01,HEADER ASSY-COND TANK-(A) (EMXI),Process Item,Press Part,F849-QQ3BA-01,BRKT-B TANK A (EMXI),1
20,Condensor Assy,F831-QQ3BA-01,HEADER ASSY-COND TANK-(A) (EMXI),Raw Material,Raw Material,RJAE5T5BPRWON078,Extrusion Bar (28008),0.0257
20,Condensor Assy,F831-QQ3BA-01,HEADER ASSY-COND TANK-(A) (EMXI),Purchase Item,Condensor Assy,F842-QQ3BA-01,BRKT-A (EMXI),1
20,Condensor Assy,F831-QQ3BA-01,HEADER ASSY-COND TANK-(A) (EMXI),Purchase Item,Sub Assembly,SF-010-0301,RIVET 3MM (COMMON),2
20,Condensor Assy,F831-QQ3BA-01,HEADER ASSY-COND TANK-(A) (EMXI),Purchase Item,Condensor Assy,F823-QQ3BB-01,HEADER TANK A (EMXI),1
21,Condensor Assy,F831-QQ7CA-02,HEADER ASSY-COND TANK RD (PA),,,,,1
21,Condensor Assy,F831-QQ7CA-02,HEADER ASSY-COND TANK RD (PA),Process Item,Cond Sub Assembly,831-QQ7CA-SFG-02,STACKING SUB ASSY (PA RD),1
21,Condensor Assy,F831-QQ7CA-02,HEADER ASSY-COND TANK RD (PA),Purchase Item,Condensor Assy,F833-QQ7CA-02,TANK RD (PA HE),1
21,Condensor Assy,F831-QQ7CA-02,HEADER ASSY-COND TANK RD (PA),Purchase Item,Sub Assembly,F827-NE9AB-01,BAFFLE -PA,5
21,Condensor Assy,F831-QQ7CA-02,HEADER ASSY-COND TANK RD (PA),Purchase Item,Sub Assembly,F855-DC4AA-02P,CONNECTOR TUBE (MCI/B562/W205),3
21,Condensor Assy,F831-QQ7CA-02,HEADER ASSY-COND TANK RD (PA),Purchase Item,Condensor Assy,F864-DB3AA-04-00,RECEIVER DRIER (RD)-(PA),1
21,Condensor Assy,F831-QQ7CA-02,HEADER ASSY-COND TANK RD (PA),Purchase Item,Condensor Assy,F856-MAXAC-01,MCI CAP,1
21,Condensor Assy,F831-QQ7CA-02,HEADER ASSY-COND TANK RD (PA),Purchase Item,Condensor Assy,F823-QQ7CB-01,HEADER RD (PA HE),1
21,Condensor Assy,F831-QQ7CA-02,HEADER ASSY-COND TANK RD (PA),Purchase Item,Sub Assembly,SF-010-0301,RIVET 3MM (COMMON),1
21,Condensor Assy,F831-QQ7CA-02,HEADER ASSY-COND TANK RD (PA),Process Item,Press Part,F842-QQ7CA,BRKT RD (PA HE & AH EPSILON),1
21,Condensor Assy,F831-QQ7CA-02,HEADER ASSY-COND TANK RD (PA),Raw Material,Raw Material,RSAE5T5BPRWON001,Extrusion Bar (22615),0.01085
21,Condensor Assy,F831-QQ7CA-02,HEADER ASSY-COND TANK RD (PA),Consumables,Condensor Assy,CON00024,ASSEMBLY FLUX (Liqude),0.0002
22,Condensor Assy,F831-WBAAB-04,HEADER ASSY-COND TANK-(A) (W201),,,,,1
22,Condensor Assy,F831-WBAAB-04,HEADER ASSY-COND TANK-(A) (W201),Process Item,Cond Sub Assembly,831-WBAAB-SFG-04,STACKING SUB ASSY (W201 RD),1
22,Condensor Assy,F831-WBAAB-04,HEADER ASSY-COND TANK-(A) (W201),Purchase Item,Condensor Assy,F833-WBAAB-02,TANK RD (W201),1
22,Condensor Assy,F831-WBAAB-04,HEADER ASSY-COND TANK-(A) (W201),Purchase Item,Condensor Assy,F827-CG6BA-01,BAFFLE B517,5
22,Condensor Assy,F831-WBAAB-04,HEADER ASSY-COND TANK-(A) (W201),Purchase Item,Condensor Assy,F864-WBAAA-01-00,RECEIVER DRIER RD (W201/W205),1
22,Condensor Assy,F831-WBAAB-04,HEADER ASSY-COND TANK-(A) (W201),Purchase Item,Condensor Assy,F856-MAXAC-01,MCI CAP,1
22,Condensor Assy,F831-WBAAB-04,HEADER ASSY-COND TANK-(A) (W201),Purchase Item,Sub Assembly,F855-DC4AA-02P,CONNECTOR TUBE (MCI/B562/W205),3
22,Condensor Assy,F831-WBAAB-04,HEADER ASSY-COND TANK-(A) (W201),Purchase Item,Sub Assembly,SF-010-0301,RIVET 3MM (COMMON),4
22,Condensor Assy,F831-WBAAB-04,HEADER ASSY-COND TANK-(A) (W201),Process Item,Press Part,F843-WBAAA-01,BRKT TANK-A MTG 25mm INHOUSE (W201/W205),2
22,Condensor Assy,F831-WBAAB-04,HEADER ASSY-COND TANK-(A) (W201),Raw Material,Raw Material,RKAE5T5BPRWON006,Extrusion Bar (22548),0.011
22,Condensor Assy,F831-WBAAB-04,HEADER ASSY-COND TANK-(A) (W201),Consumables,Condensor Assy,CON00024,ASSEMBLY FLUX (Liqude),0.0002
22,Condensor Assy,F831-WBAAB-04,HEADER ASSY-COND TANK-(A) (W201),Process Item,Press Part,F843-WBAAB-02,BRKT TANK A LONG (W201/W205),2
22,Condensor Assy,F831-WBAAB-04,HEADER ASSY-COND TANK-(A) (W201),Raw Material,Raw Material,RSAE5T5BPRWON008,Extrusion Bar (22273/3818),0.01843
22,Condensor Assy,F831-WBAAB-04,HEADER ASSY-COND TANK-(A) (W201),Purchase Item,Condensor Assy,F823-WBAAA-01,HEADER GSL/RD (W201/W205),1
23,Condensor Assy,VP5N1H-19A742-AA,HEADER ASSY-COND TANK-(A) (B226),,,,,1
23,Condensor Assy,VP5N1H-19A742-AA,HEADER ASSY-COND TANK-(A) (B226),Process Item,Cond Sub Assembly,VP5N1H-19A742-SFG-AA,STACKING SUB ASSY TANK  A( B226),1
23,Condensor Assy,VP5N1H-19A742-AA,HEADER ASSY-COND TANK-(A) (B226),Purchase Item,Condensor Assy,VP5N1H-19A741-AA,TANK A (B226),1
23,Condensor Assy,VP5N1H-19A742-AA,HEADER ASSY-COND TANK-(A) (B226),Purchase Item,Condensor Assy,F827-QQVAA-08,BAFFLE  (EMXI),1
23,Condensor Assy,VP5N1H-19A742-AA,HEADER ASSY-COND TANK-(A) (B226),Purchase Item,Condensor Assy,VP5N1H-19E883-AA,HEADER B226,1
23,Condensor Assy,VP5N1H-19A742-AA,HEADER ASSY-COND TANK-(A) (B226),Purchase Item,Condensor Assy,F828-QQVAA-04,CAP END EMXI (COMMON),1
24,Condensor Assy,VP5N1H-19E988-AB,HEADER ASSY-COND TANK (B226),,,,,1
24,Condensor Assy,VP5N1H-19E988-AB,HEADER ASSY-COND TANK (B226),Process Item,Cond Sub Assembly,VP5N1H-19E988-SFG-AB,STACKING SUB ASSY TANK ( B226),1
24,Condensor Assy,VP5N1H-19E988-AB,HEADER ASSY-COND TANK (B226),Purchase Item,Condensor Assy,VP5N1H-19E987-AA,TANK (B226),1
24,Condensor Assy,VP5N1H-19E988-AB,HEADER ASSY-COND TANK (B226),Purchase Item,Condensor Assy,VP5N1H-19C700-AA,INLET FLANGE PIPE ASSY (B226),1
24,Condensor Assy,VP5N1H-19E988-AB,HEADER ASSY-COND TANK (B226),Purchase Item,Condensor Assy,VP5N1H-19E775-BA,OUTLET FLANGE (B226),1
24,Condensor Assy,VP5N1H-19E988-AB,HEADER ASSY-COND TANK (B226),Purchase Item,Condensor Assy,F281-CBXAA-02,CLAD SHEET BIG,1
24,Condensor Assy,VP5N1H-19E988-AB,HEADER ASSY-COND TANK (B226),Purchase Item,Condensor Assy,F281-CBXAB-02,CLAD SHEET-S,1
24,Condensor Assy,VP5N1H-19E988-AB,HEADER ASSY-COND TANK (B226),Purchase Item,Condensor Assy,F827-QQVAA-08,BAFFLE  (EMXI),2
24,Condensor Assy,VP5N1H-19E988-AB,HEADER ASSY-COND TANK (B226),Purchase Item,Condensor Assy,VP5N1H-19D890-AA,CAP(stem Charge) (B226),1
24,Condensor Assy,VP5N1H-19E988-AB,HEADER ASSY-COND TANK (B226),Purchase Item,Condensor Assy,VP5N1H-19E883-AA,HEADER B226,1
24,Condensor Assy,VP5N1H-19E988-AB,HEADER ASSY-COND TANK (B226),Purchase Item,Condensor Assy,VP5N1H-19E778-BA,CAP-B226,1
25,Condensor Assy,VP6N2H-19A742-AA,HEADER ASSY-COND TANK-(A) (B376),,,,,1
25,Condensor Assy,VP6N2H-19A742-AA,HEADER ASSY-COND TANK-(A) (B376),Process Item,Cond Sub Assembly,VP6N2H-19A742-SFG-AA,STACKING SUB ASSY TANK A ( B376),1
25,Condensor Assy,VP6N2H-19A742-AA,HEADER ASSY-COND TANK-(A) (B376),Purchase Item,Condensor Assy,VP6N2H-19A741-AA,TANK A (B376),1
25,Condensor Assy,VP6N2H-19A742-AA,HEADER ASSY-COND TANK-(A) (B376),Purchase Item,Condensor Assy,F827-QQVAA-08,BAFFLE  (EMXI),1
25,Condensor Assy,VP6N2H-19A742-AA,HEADER ASSY-COND TANK-(A) (B376),Purchase Item,Condensor Assy,VP6N2H-19E883-AA,HEADER  (B376/DV4),1
25,Condensor Assy,VP6N2H-19A742-AA,HEADER ASSY-COND TANK-(A) (B376),Purchase Item,Condensor Assy,F828-QQVAA-04,CAP END EMXI (COMMON),2
25,Condensor Assy,VP6N2H-19A742-AA,HEADER ASSY-COND TANK-(A) (B376),Purchase Item,Condensor Assy,VP6N2H-19732-AB,BRKT Mount Upper (B376),1
25,Condensor Assy,VP6N2H-19A742-AA,HEADER ASSY-COND TANK-(A) (B376),Purchase Item,Condensor Assy,VP6N2H-19732-BA,BRKT Mount Lower (B376),1
26,Condensor Assy,VP6N2H-19E988-AC,HEADER ASSY-COND TANK PET (B376),,,,,1
26,Condensor Assy,VP6N2H-19E988-AC,HEADER ASSY-COND TANK PET (B376),Process Item,Cond Sub Assembly,VP6N2H-19E988-SFG-AC,STACKING SUB ASSY TANK ( B376),1
26,Condensor Assy,VP6N2H-19E988-AC,HEADER ASSY-COND TANK PET (B376),Purchase Item,Condensor Assy,VP6N2H-19E987-AA,TANK (B376),1
26,Condensor Assy,VP6N2H-19E988-AC,HEADER ASSY-COND TANK PET (B376),Purchase Item,Condensor Assy,VPF222LK4LA-01-005,STEM-B376,1
26,Condensor Assy,VP6N2H-19E988-AC,HEADER ASSY-COND TANK PET (B376),Purchase Item,Condensor Assy,F281-CBXAA-02,CLAD SHEET BIG,2
26,Condensor Assy,VP6N2H-19E988-AC,HEADER ASSY-COND TANK PET (B376),Purchase Item,Condensor Assy,F281-CBXAB-02,CLAD SHEET-S,1
26,Condensor Assy,VP6N2H-19E988-AC,HEADER ASSY-COND TANK PET (B376),Purchase Item,Condensor Assy,F827-QQVAA-08,BAFFLE  (EMXI),2
26,Condensor Assy,VP6N2H-19E988-AC,HEADER ASSY-COND TANK PET (B376),Purchase Item,Condensor Assy,VP6N2H-19D720-AA,BRACKET(B)-MOUNTING (B376),1
26,Condensor Assy,VP6N2H-19E988-AC,HEADER ASSY-COND TANK PET (B376),Purchase Item,Condensor Assy,VP6N2H-19732-AB,BRKT Mount Upper (B376),1
26,Condensor Assy,VP6N2H-19E988-AC,HEADER ASSY-COND TANK PET (B376),Process Item,Cond Sub Assembly,VP7N1H-19C700-AC,COND SUB ASSY (DV4),1
26,Condensor Assy,VP6N2H-19E988-AC,HEADER ASSY-COND TANK PET (B376),Process Item,Cond Sub Assembly,VP6N2H-19C700-AA,Cond Tube Inlet (DV4),1
26,Condensor Assy,VP6N2H-19E988-AC,HEADER ASSY-COND TANK PET (B376),Process Item,Cut Piece,VP6N2H-19C700-AA/C,Cond Tube Inlet (DV4),1
26,Condensor Assy,VP6N2H-19E988-AC,HEADER ASSY-COND TANK PET (B376),Raw Material,Raw Material,RAT1TB1200120STR,Al Tube (12.0 X1.24MM)-(3103),0.0308
26,Condensor Assy,VP6N2H-19E988-AC,HEADER ASSY-COND TANK PET (B376),Process Item,Cond Sub Assembly,VP6N2H-19D930-AA,Cond Tube Outlet (Dv4),1
26,Condensor Assy,VP6N2H-19E988-AC,HEADER ASSY-COND TANK PET (B376),Process Item,Cut Piece,VP6N2H-19D930-AA/C,Cond Tube Outlet (Dv4),1
26,Condensor Assy,VP6N2H-19E988-AC,HEADER ASSY-COND TANK PET (B376),Raw Material,Raw Material,RAT1TB1200120STR,Al Tube (12.0 X1.24MM)-(3103),0.015
26,Condensor Assy,VP6N2H-19E988-AC,HEADER ASSY-COND TANK PET (B376),Process Item,Machining Cond,VP6N2H19E775AB,COND FLANGE (B376),1
26,Condensor Assy,VP6N2H-19E988-AC,HEADER ASSY-COND TANK PET (B376),Process Item,Cut Piece,VP6N2H19E775AB/C,COND FLANGE (B376),1
26,Condensor Assy,VP6N2H-19E988-AC,HEADER ASSY-COND TANK PET (B376),Raw Material,Raw Material,RSAE5T5BPRWON068,Extrusion Bar (21192),0.11172
26,Condensor Assy,VP6N2H-19E988-AC,HEADER ASSY-COND TANK PET (B376),Process Item,Consumables (Direct),CON00038,Brazing Ring (12MM),1
26,Condensor Assy,VP6N2H-19E988-AC,HEADER ASSY-COND TANK PET (B376),Raw Material,Raw Material,CON00031,1.6MM Spool Coil (4047),0.0002
26,Condensor Assy,VP6N2H-19E988-AC,HEADER ASSY-COND TANK PET (B376),Purchase Item,Condensor Assy,F828-QQVAA-04,CAP END EMXI (COMMON),2
26,Condensor Assy,VP6N2H-19E988-AC,HEADER ASSY-COND TANK PET (B376),Purchase Item,Sub Assembly,F281-QQVAB-01,Bush Outlet,1
26,Condensor Assy,VP6N2H-19E988-AC,HEADER ASSY-COND TANK PET (B376),Purchase Item,Condensor Assy,VP6N2H-19E883-AA,HEADER  (B376/DV4),1
26,Condensor Assy,VP6N2H-19E988-AC,HEADER ASSY-COND TANK PET (B376),Purchase Item,Condensor Assy,F429-LS5AA-01,BRKT-D (STEM),1
27,Condensor Assy,VP7N1H-19E988-AC,HEADER ASSY-COND TANK DV4 (B376),,,,,1
27,Condensor Assy,VP7N1H-19E988-AC,HEADER ASSY-COND TANK DV4 (B376),Process Item,Cond Sub Assembly,VP7N1H-19E988-SFG-AC,STACKING SUB ASSY TANK ( DV4),1
27,Condensor Assy,VP7N1H-19E988-AC,HEADER ASSY-COND TANK DV4 (B376),Purchase Item,Condensor Assy,VP6N2H-19E987-AA,TANK (B376),1
27,Condensor Assy,VP7N1H-19E988-AC,HEADER ASSY-COND TANK DV4 (B376),Purchase Item,Condensor Assy,VPF222LK4LA-01-005,STEM-B376,1
27,Condensor Assy,VP7N1H-19E988-AC,HEADER ASSY-COND TANK DV4 (B376),Purchase Item,Condensor Assy,F281-CBXAA-02,CLAD SHEET BIG,2
27,Condensor Assy,VP7N1H-19E988-AC,HEADER ASSY-COND TANK DV4 (B376),Purchase Item,Condensor Assy,F281-CBXAB-02,CLAD SHEET-S,1
27,Condensor Assy,VP7N1H-19E988-AC,HEADER ASSY-COND TANK DV4 (B376),Purchase Item,Condensor Assy,F827-QQVAA-08,BAFFLE  (EMXI),2
27,Condensor Assy,VP7N1H-19E988-AC,HEADER ASSY-COND TANK DV4 (B376),Process Item,Cond Sub Assembly,VP7N1H-19C700-AC,COND SUB ASSY (DV4),1
27,Condensor Assy,VP7N1H-19E988-AC,HEADER ASSY-COND TANK DV4 (B376),Process Item,Cond Sub Assembly,VP6N2H-19C700-AA,Cond Tube Inlet (DV4),1
27,Condensor Assy,VP7N1H-19E988-AC,HEADER ASSY-COND TANK DV4 (B376),Process Item,Cut Piece,VP6N2H-19C700-AA/C,Cond Tube Inlet (DV4),1
27,Condensor Assy,VP7N1H-19E988-AC,HEADER ASSY-COND TANK DV4 (B376),Raw Material,Raw Material,RAT1TB1200120STR,Al Tube (12.0 X1.24MM)-(3103),0.0308
27,Condensor Assy,VP7N1H-19E988-AC,HEADER ASSY-COND TANK DV4 (B376),Process Item,Cond Sub Assembly,VP6N2H-19D930-AA,Cond Tube Outlet (Dv4),1
27,Condensor Assy,VP7N1H-19E988-AC,HEADER ASSY-COND TANK DV4 (B376),Process Item,Cut Piece,VP6N2H-19D930-AA/C,Cond Tube Outlet (Dv4),1
27,Condensor Assy,VP7N1H-19E988-AC,HEADER ASSY-COND TANK DV4 (B376),Raw Material,Raw Material,RAT1TB1200120STR,Al Tube (12.0 X1.24MM)-(3103),0.015
27,Condensor Assy,VP7N1H-19E988-AC,HEADER ASSY-COND TANK DV4 (B376),Process Item,Machining Cond,VP6N2H19E775AB,COND FLANGE (B376),1
27,Condensor Assy,VP7N1H-19E988-AC,HEADER ASSY-COND TANK DV4 (B376),Process Item,Cut Piece,VP6N2H19E775AB/C,COND FLANGE (B376),1
27,Condensor Assy,VP7N1H-19E988-AC,HEADER ASSY-COND TANK DV4 (B376),Raw Material,Raw Material,RSAE5T5BPRWON068,Extrusion Bar (21192),0.11172
27,Condensor Assy,VP7N1H-19E988-AC,HEADER ASSY-COND TANK DV4 (B376),Process Item,Consumables (Direct),CON00038,Brazing Ring (12MM),1
27,Condensor Assy,VP7N1H-19E988-AC,HEADER ASSY-COND TANK DV4 (B376),Raw Material,Raw Material,CON00031,1.6MM Spool Coil (4047),0.0002
27,Condensor Assy,VP7N1H-19E988-AC,HEADER ASSY-COND TANK DV4 (B376),Process Item,Machining Cond,VP6N2H-19702-AA,BRACKET(C)-MOUNTING (DV4),1
27,Condensor Assy,VP7N1H-19E988-AC,HEADER ASSY-COND TANK DV4 (B376),Raw Material,Raw Material,Non-AL Ext 28116,Extrusion Bar (28116),0.032
27,Condensor Assy,VP7N1H-19E988-AC,HEADER ASSY-COND TANK DV4 (B376),Purchase Item,Condensor Assy,VP6N2H-19732-AB,BRKT Mount Upper (B376),1
27,Condensor Assy,VP7N1H-19E988-AC,HEADER ASSY-COND TANK DV4 (B376),Purchase Item,Condensor Assy,VP6N2H-19E883-AA,HEADER  (B376/DV4),1
27,Condensor Assy,VP7N1H-19E988-AC,HEADER ASSY-COND TANK DV4 (B376),Purchase Item,Condensor Assy,F828-QQVAA-04,CAP END EMXI (COMMON),2
27,Condensor Assy,VP7N1H-19E988-AC,HEADER ASSY-COND TANK DV4 (B376),Purchase Item,Sub Assembly,F281-QQVAB-01,Bush Outlet,1
27,Condensor Assy,VP7N1H-19E988-AC,HEADER ASSY-COND TANK DV4 (B376),Purchase Item,Condensor Assy,F429-LS5AA-01,BRKT-D (STEM),1
28,Condensor Assy,VPXS6H-19A742-AA,HEADER ASSY-COND TANK-(A) (C195),,,,,1
28,Condensor Assy,VPXS6H-19A742-AA,HEADER ASSY-COND TANK-(A) (C195),Process Item,Cond Sub Assembly,VPXS6H-19A742-SFG-AA,RIVETING SUB ASSY TANK A ( C195 ),1
28,Condensor Assy,VPXS6H-19A742-AA,HEADER ASSY-COND TANK-(A) (C195),Purchase Item,Condensor Assy,VP5N1H-19A741-AA,TANK A (B226),1
28,Condensor Assy,VPXS6H-19A742-AA,HEADER ASSY-COND TANK-(A) (C195),Purchase Item,Condensor Assy,VPXS6H-19732-AA,BKT A (C195),1
28,Condensor Assy,VPXS6H-19A742-AA,HEADER ASSY-COND TANK-(A) (C195),Purchase Item,Condensor Assy,VP3M5H-50684-AA,RIVET (GMI),1
28,Condensor Assy,VPXS6H-19A742-AA,HEADER ASSY-COND TANK-(A) (C195),Purchase Item,Condensor Assy,F827-QQVAA-08,BAFFLE  (EMXI),1
28,Condensor Assy,VPXS6H-19A742-AA,HEADER ASSY-COND TANK-(A) (C195),Purchase Item,Condensor Assy,F274-QQVAA-03,CLIP-EMXI,2
28,Condensor Assy,VPXS6H-19A742-AA,HEADER ASSY-COND TANK-(A) (C195),Purchase Item,Condensor Assy,VPXS6H-19E778-BA,CAP-C195DCAP,1
28,Condensor Assy,VPXS6H-19A742-AA,HEADER ASSY-COND TANK-(A) (C195),Purchase Item,Condensor Assy,F828-QQVAA-04,CAP END EMXI (COMMON),1
28,Condensor Assy,VPXS6H-19A742-AA,HEADER ASSY-COND TANK-(A) (C195),Purchase Item,Condensor Assy,VP5N1H-19E883-AA,HEADER B226,1
29,Condensor Assy,VPXS6H-19E988-AA,HEADER ASSY-COND TANK (C195),,,,,1
29,Condensor Assy,VPXS6H-19E988-AA,HEADER ASSY-COND TANK (C195),Process Item,Cond Sub Assembly,VPXS6H-19E988-SFG-AA,RIVETING SUB ASSY TANK ( C195 ),1
29,Condensor Assy,VPXS6H-19E988-AA,HEADER ASSY-COND TANK (C195),Purchase Item,Condensor Assy,VPXS6H-9E987-APIA1,TANK (C195),1
29,Condensor Assy,VPXS6H-19E988-AA,HEADER ASSY-COND TANK (C195),Purchase Item,Condensor Assy,VPXS6H-19702-AA,BKT-MTG (C195),1
29,Condensor Assy,VPXS6H-19E988-AA,HEADER ASSY-COND TANK (C195),Purchase Item,Condensor Assy,VP3M5H-50684-AA,RIVET (GMI),1
29,Condensor Assy,VPXS6H-19E988-AA,HEADER ASSY-COND TANK (C195),Purchase Item,Condensor Assy,F827-QQVAA-08,BAFFLE  (EMXI),2
29,Condensor Assy,VPXS6H-19E988-AA,HEADER ASSY-COND TANK (C195),Purchase Item,Condensor Assy,F274-QQVAA-03,CLIP-EMXI,2
29,Condensor Assy,VPXS6H-19E988-AA,HEADER ASSY-COND TANK (C195),Purchase Item,Condensor Assy,F828-QQVAA-04,CAP END EMXI (COMMON),1
29,Condensor Assy,VPXS6H-19E988-AA,HEADER ASSY-COND TANK (C195),Purchase Item,Condensor Assy,VPXS6H-19E778-BA,CAP-C195DCAP,1
29,Condensor Assy,VPXS6H-19E988-AA,HEADER ASSY-COND TANK (C195),Purchase Item,Condensor Assy,VP5N1H-19E883-AA,HEADER B226,1
30,Condensor Assy,YHBH-19E775-AA,HEADER ASSY-COND TANK PET (LCI),,,,,1
30,Condensor Assy,YHBH-19E775-AA,HEADER ASSY-COND TANK PET (LCI),Process Item,Cond Sub Assembly,YHBH-19E775-SFG-AA,STACKING SUB ASSY TANK PET (LCI),1
30,Condensor Assy,YHBH-19E775-AA,HEADER ASSY-COND TANK PET (LCI),Purchase Item,Condensor Assy,YHBH-19D718-BA,TANK A PET (LCI),1
30,Condensor Assy,YHBH-19E775-AA,HEADER ASSY-COND TANK PET (LCI),Purchase Item,Condensor Assy,YHBH-19157-AA,BKT B WELD PET (LCI),1
30,Condensor Assy,YHBH-19E775-AA,HEADER ASSY-COND TANK PET (LCI),Purchase Item,Condensor Assy,F281-CBXAB-02,CLAD SHEET-S,1
30,Condensor Assy,YHBH-19E775-AA,HEADER ASSY-COND TANK PET (LCI),Purchase Item,Condensor Assy,1HDH-19E781-AA,BAFFLE-LCI,3
30,Condensor Assy,YHBH-19E775-AA,HEADER ASSY-COND TANK PET (LCI),Process Item,Cond Sub Assembly,742-19E775,COND SUB ASSY PET ( LCI),1
30,Condensor Assy,YHBH-19E775-AA,HEADER ASSY-COND TANK PET (LCI),Process Item,Cond Sub Assembly,YHBH-19E775-TOAA,COND TUBE OUTLET PET (LCI),1
30,Condensor Assy,YHBH-19E775-AA,HEADER ASSY-COND TANK PET (LCI),Process Item,Cut Piece,YHBH-19E775-TOAA/C,COND TUBE OUTLET PET (LCI),1
30,Condensor Assy,YHBH-19E775-AA,HEADER ASSY-COND TANK PET (LCI),Raw Material,Raw Material,RAT1TB0800100STR,Al Tube (8 X1.00MM)-(3103),0.014
30,Condensor Assy,YHBH-19E775-AA,HEADER ASSY-COND TANK PET (LCI),Purchase Item,Condensor Assy,YHBH-19E776-EA,COND FLANGE  PET (LCI),1
30,Condensor Assy,YHBH-19E775-AA,HEADER ASSY-COND TANK PET (LCI),Process Item,Consumables (Direct),CON00035,Brazing Ring (8MM),1
30,Condensor Assy,YHBH-19E775-AA,HEADER ASSY-COND TANK PET (LCI),Raw Material,Raw Material,CON00034,1.6MM Spool Coil (4045),0.0001
30,Condensor Assy,YHBH-19E775-AA,HEADER ASSY-COND TANK PET (LCI),Consumables,Condensor Assy,CON00115,ASSEMBLY FLUX PASTE AFP 200 (FIRINIT),0.00011
30,Condensor Assy,YHBH-19E775-AA,HEADER ASSY-COND TANK PET (LCI),Purchase Item,Condensor Assy,YHBH-19E778-AA,END CAP-LCI,1
30,Condensor Assy,YHBH-19E775-AA,HEADER ASSY-COND TANK PET (LCI),Purchase Item,Condensor Assy,YHBH-19K613-AA,CLIP COND,2
30,Condensor Assy,YHBH-19E775-AA,HEADER ASSY-COND TANK PET (LCI),Purchase Item,Condensor Assy,F823-CBXAA-02,HEADER (LCI),1
30,Condensor Assy,YHBH-19E775-AA,HEADER ASSY-COND TANK PET (LCI),Purchase Item,Condensor Assy,YHBH-19735-AA,CAP C (LCI),1
31,Condensor Assy,VPAE8H-19D718-AB,HEADER ASSY-COND TANK-(A) SIGMA (B515),,,,,1
31,Condensor Assy,VPAE8H-19D718-AB,HEADER ASSY-COND TANK-(A) SIGMA (B515),Process Item,Cond Sub Assembly,VPAE8H-19D718-SFG-AB,STACKING SUB ASSY TANK COMMON ( SIGMA),1
31,Condensor Assy,VPAE8H-19D718-AB,HEADER ASSY-COND TANK-(A) SIGMA (B515),Process Item,Press Part,AE8H-19E775-AB-00,TANK A (SIGMA)-Knotching,1
31,Condensor Assy,VPAE8H-19D718-AB,HEADER ASSY-COND TANK-(A) SIGMA (B515),Purchase Item,Condensor Assy,VPAE8H-19E775-AB,TANK A (SIGMA),1
31,Condensor Assy,VPAE8H-19D718-AB,HEADER ASSY-COND TANK-(A) SIGMA (B515),Purchase Item,Condensor Assy,VPAE8H-19E774-AB/C,HEADER DV5/FOX/SIGMA (B515/B562),1
31,Condensor Assy,VPAE8H-19D718-AB,HEADER ASSY-COND TANK-(A) SIGMA (B515),Purchase Item,Sub Assembly,F827-DC4AA-02,BAFFLE-MCI,1
31,Condensor Assy,VPAE8H-19D718-AB,HEADER ASSY-COND TANK-(A) SIGMA (B515),Purchase Item,Sub Assembly,F827-NE9AB-01,BAFFLE -PA,2
32,Condensor Assy,VPAV1H-19D718-BB,HEADER ASSY-COND SIGMA M8 (B515),,,,,1
32,Condensor Assy,VPAV1H-19D718-BB,HEADER ASSY-COND SIGMA M8 (B515),Process Item,Cond Sub Assembly,VPAV1H-19D718-SFG-BB,STACKING SUB ASSY (SIGMA M8),1
32,Condensor Assy,VPAV1H-19D718-BB,HEADER ASSY-COND SIGMA M8 (B515),Process Item,Press Part,AE8H-19E775-BB-00,TANK (SIGMA)-Piercing,1
32,Condensor Assy,VPAV1H-19D718-BB,HEADER ASSY-COND SIGMA M8 (B515),Purchase Item,Condensor Assy,VPAE8H-19E775-BB,TANK (SIGMA),1
32,Condensor Assy,VPAV1H-19D718-BB,HEADER ASSY-COND SIGMA M8 (B515),Purchase Item,Condensor Assy,VPAE8H-19E774-AB/C,HEADER DV5/FOX/SIGMA (B515/B562),1
32,Condensor Assy,VPAV1H-19D718-BB,HEADER ASSY-COND SIGMA M8 (B515),Purchase Item,Sub Assembly,F827-NE9AB-01,BAFFLE -PA,2
