Item Code,Item,Monthly,Yearly
3HBH-19A742-BA,HEADER ASSY-COND TANK-(A) (OLD MXI),240,2880
3HBH-19E988-BA,HEADER ASSY-COND TANK (OLD MXI),270,3240
7ITH-19E774-BB,HEADER ASSY-COND TANK (ICML),230,2760
7ITH-19E775-BB,HEADER ASSY-COND TANK-(A) (ICML),220,2640
F830-CB5AA-06,HEADER ASSY-COND GSL (MCI),200,2400
F830-CB5AB-05,HEADER ASSY-COND DSL (MCI),300,3600
F830-CBXAA-14,HEADER ASSY-COND RD (LCI),280,3360
F830-KP1AA-07,HEADER ASSY-COND TANK (TBI),240,2880
VPF830-LF4AA-02,HEADER ASSY-COND TANK (GMI),270,3240
F830-MD9AA-02,HEADER ASSY-COND TANK (B517),180,2160
F830-QJBAA-03,HEADER ASSY-COND TANK GSL (HA),190,2280
F830-QQ3BA-01,HEADER ASSY-COND TANK HE (EMXI),210,2520
F830-QQ7CA-02,HEADER ASSY-COND TANK HE GSL (PA),211,2532
F830-WBAAB-04,HEADER ASSY-COND TANK (W201),256,3072
F831-CB5AA-03,HEADER ASSY-COND TANK-(A) (MCI),289,3468
F831-KP1AA-06,HEADER ASSY-COND TANK-(A) (TBI),276,3312
F831-LF4AB-01,HEADER ASSY-COND TANK-(A) (GMI),260,3120
F831-MD9AA-03,HEADER ASSY-COND TANK-(A) (B517),277,3324
F831-QJBAA-02,HEADER ASSY-COND TANK-(A) (HA),280,3360
F831-QQ3BA-01,HEADER ASSY-COND TANK-(A) (EMXI),250,3000
F831-QQ7CA-02,HEADER ASSY-COND TANK RD (PA),250,3000
F831-WBAAB-04,HEADER ASSY-COND TANK-(A) (W201),290,3480
VP5N1H-19A742-AA,HEADER ASSY-COND TANK-(A) (B226),270,3240
VP5N1H-19E988-AB,HEADER ASSY-COND TANK (B226),240,2880
VP6N2H-19A742-AA,HEADER ASSY-COND TANK-(A) (B376),270,3240
VP6N2H-19E988-AC,HEADER ASSY-COND TANK PET (B376),230,2760
VP7N1H-19E988-AC,HEADER ASSY-COND TANK DV4 (B376),220,2640
VPXS6H-19A742-AA,HEADER ASSY-COND TANK-(A) (C195),200,2400
VPXS6H-19E988-AA,HEADER ASSY-COND TANK (C195),300,3600
YHBH-19E775-AA,HEADER ASSY-COND TANK PET (LCI),280,3360
VPAE8H-19D718-AB,HEADER ASSY-COND TANK-(A) SIGMA (B515),240,2880
VPAV1H-19D718-BB,HEADER ASSY-COND SIGMA M8 (B515),270,3240
VPAP3H-19D718-AA,HEADER ASSY-COND COMMON DV5/FOX (B515),180,2160
F830-QQDAA-01-00,HEADER ASSY-COND TANK GSL (BA/Verna),190,2280
F830-QQDAB-02-01,HEADER ASSY-COND TANK DSL (BA),210,2520
F831-QQDAA-01-01,HEADER ASSY-COND TANK-(A) GSL (BA),211,2532
F831-QQDAB-02-01,HEADER ASSY-COND TANK-(A) DSL (BA),256,3072
VPAV1H-19D718-BC,HEADER ASSY-COND SIGMA M6 (B515),289,3468
VPAV1H-19D718-AD,HEADER ASSY-COND DV5 M6 (B515),276,3312
F742-QQDAB-02-00,COND PIPE ASSY A/C JUMPER (BA),260,3120
F830-QJBAB-01-01,HEADER ASSY-COND TANK KAPPA (HA),277,3324
F831-QJBAB-02-00,HEADER ASSY-COND TANK-(A) KAPPA (HA),280,3360
HC8301AE1A05,HEADER ASSY-FLANGE SIDE (A-ENTRY),250,3000
VPF831-RBFAA-01-00,HEADER ASSY-COND IRDS (A-ENTRY),250,3000
F830-HQEAA-01-01,HEADER ASSY-COND TANK GSL (GS),240,2880
HC831HQFAA01,HEADER ASSY-COND TANK-(A) GSL (GS),230,2760
F830-HWFAB-03-00,HEADER ASSY-COND TANK DSL (GS/SP2I/SU2I SWB/LWB),140,1680
HC831HQFAB03,HEADER ASSY-COND TANK-(A) DSL (GS/SP2I/SU2I SWB),190,2280
F876-FGDAB-02-02,COND PIPE ASSY A/C JUMPER (GS),240,2880
HE284S1B1L01,HEADER ASSY-CORE OPEN (B515),270,3240
HE285S1B1L01,HEADER ASSY-CORE CLOSED FLANGE TYPE (B515),230,2760
3ITH-19A834-AAPP,EVAP PIPE ASSY-DPANEL (ICML),220,2640
6AMH-19A834-AA,EVAP PIPE ASSY-CORE RR (GMI),200,2400
6AMH-19A834-BA,EVAP PIPE ASSY-DPANEL RR (GMI),300,3600
7ITH-19A834-AA,EVAP PIPE ASSY DPANEL RR (ICML),280,3360
F171-KP1LA-03PP01,EVAP PIPE ASSY (TBI),240,2880
F171-LCYLA-01PP,EVAP PIPE ASSY CORE (ICML),270,3240
F171-LF4LA-01,EVAP PIPE ASSY CORE (GMI),180,2160
F171-MA5BB-02,EVAP PIPE ASSY CORE RR (W201),190,2280
F171-MD9LA-01,EVAP PIPE ASSY CORE (B517),210,2520
F171-QJBAA-02,EVAP PIPE ASSY CORE LH (HA),211,2532
F171-QJBLA-02,EVAP PIPE ASSY CORE RH (HA),256,3072
F171-QQ3LA-01,EVAP PIPE ASSY CORE RH (EMXI),289,3468
F171-QQ7AA-01,EVAP PIPE ASSY CORE LH (PA),276,3312
F171-QQ7LA-01,EVAP PIPE ASSY CORE RH (PA),260,3120
F172-CB5LA-02,EVAP PIPE ASSY CORE (MCI),277,3324
F1B1-LF4LA-01PP01,EVAP PIPE ASSY CORE D-PANEL (GMI),280,3360
F1B1-QQ3LA-01,EVAP PIPE ASSY CORE D-PANEL RH (EMXI),250,3000
F371-CB5AA-05CS01,AC PIPE ASSY LIQ-B-GSL (MCI),250,3000
F371-CB5AA-05PP01,AC PIPE ASSY LIQ-A-GSL (MCI),290,3480
F371-CB5DA-03CS01,AC PIPE ASSY LIQ-B-DSL (MCI),270,3240
F371-CB5DA-03PP01,AC PIPE ASSY LIQ-A-DSL (MCI),240,2880
F371-CB5DA-03PP02,AC PIPE ASSY LIQ-C-DSL (MCI),270,3240
F371-KP5AA-LA01P,AC PIPE ASSY LIQ-A LHD (TBI),230,2760
F371-KP5MA-LA01P,AC PIPE ASSY LIQ-A RHD (TBI),220,2640
F371-KP5MA-LB02,AC PIPE ASSY LIQ-B RHD (TBI),200,2400
F374-CB5DA-05PP02,AC PIPE ASSY DIS-B-DSL (MCI),300,3600
F375-CB5DA-07CS02,AC PIPE ASSY SUC-B-DSL (MCI),280,3360
F375-CB5DA-07PP01,AC PIPE ASSY SUC-A DSL (MCI),240,2880
F375-CB5DA-07PP02,AC PIPE ASSY SUC-C-DSL (MCI),270,3240
F390-CB5AB-02PP,AC PIPE ASSY SUC-A WITH INSULATI (MCI),180,2160
F473-CB5AA-08PP01,AC PIPE ASSY PET DIS-A-GSL (MCI),190,2280
F473-CB5AA-08PP02,AC PIPE ASSY DIS-B-GSL (MCI),210,2520
VP5N1H-19A834-AAPP,EVAP PIPE ASSY CORE (B376),211,2532
VP5N1H-19A834-BAPP,EVAP PIPE ASSY CORE D-PANEL (B376),256,3072
VPF1B1-MD9LA-02CSP,EVAP PIPE ASSY CORE D-PANEL (B517),289,3468
F171-QQDLA-01-01,EVAP PIPE ASSY CORE RH (BA),276,3312
F171-QADAA-01-01,EVAP PIPE ASSY CORE LHD (BA),260,3120
VPBE2H-19807-BA,EVAP PIPE ASSY CORE RH (B515),277,3324
F371-QJBLA-LPA01,AC PIPE ASSY LIQ-A (HA),280,3360
F371-QJBLA-LPB01,AC PIPE ASSY LIQ-B (HA),250,3000
F374-QJBLA-SPA01,AC PIPE ASSY DIS-A (HA),250,3000
F374-QJBLA-SPB02,AC PIPE ASSY DIS-B (HA),240,2880
F375-QJBLA-SPA02,AC PIPE ASSY SUC-A (HA),230,2760
F375-QJBLA-SPB02,AC PIPE ASSY SUC-B (HA),140,1680
F171-PDFMA-01-04,EVAP PIPE ASSY CORE (A-ENTRY),190,2280
VPF778-HQFLB-01-00,AC PIPE ASSY MUFFLER GAMMA (GS),240,2880
VPF778-HQFMB-01-00,AC PIPE ASSY MUFFLER U2 (GS),270,3240
F171-HQFLA-02-00,EVAP PIPE ASSY-CORE RHD (GS),230,2760
F171-HQFAA-01-02,EVAP PIPE ASSY -CORE LHD (GS),220,2640
VPBE2H-19807-AA,EVAP PIPE ASSY CORE LH (B515),200,2400
F171-WBALA-02,EVAP PIPE ASSY CORE FRONT (W201),300,3600
27283 1HA0A,EVAP PIPE ASSY W/FLANGE RH (X02A),280,3360
27283 1HB0A,EVAP PIPE ASSY W/FLANGE LH (X02A),240,2880
VPF390-WBALA-A04,AC PIPE ASSY SUC-A (W201),270,3240
VPF371-WBALA-A01,AC PIPE ASSY LIQ-A (W201),180,2160
VPF374-WBALA-A05,AC PIPE ASSY DIS-A (W201),190,2280
VPF390-WBALE-A01,AC PIPE ASSY SUC-A RR (W201),210,2520
VPF371-WBALE-A01,AC PIPE ASSY LIQ-A RR (W201),211,2532
VPF390-WBALH-A01,AC PIPE ASSY SUC-B RR (W201),256,3072
VPF371-WBALF-A01,AC PIPE ASSY LIQ-B RR (W201),289,3468
VPF390-WBALD-B05,AC PIPE ASSY SUC-C RR (W201),276,3312
VPF371-WBALD-B05,AC PIPE ASSY LIQ-C RR (W201),260,3120
F1B1-WBAAA-01,EVAP PIPE ASSY CORE D-PANEL RR (W201),277,3324
3ITH-18B598-AAPP,HTR PIPE-CORE INLET (ICML),280,3360
3ITH-18B598-BAPP,HTR PIPE-CORE OUTLET (ICML),250,3000
D260-CB5LA-01,HTR PIPE-CORE INLET (MCI),250,3000
D260-LF4MA-02,HTR PIPE-CORE INLET (GMI),290,3480
D260-MD9LA-01P,HTR PIPE-CORE INLET (B517),270,3240
D261-CB5LA-01,HTR PIPE-CORE OUTLET (MCI),240,2880
D261-LF4MA-02,HTR PIPE-CORE OUTLET (GMI),270,3240
D261-MD9LA-01P,HTR PIPE-CORE OUTLET (B517),230,2760
VP5N1H-18B598-AA,HTR PIPE-CORE INLET,220,2640
, (B376),,
VP5N1H-18B599-AA,HTR PIPE-CORE OUTLET (B376),200,2400
XU3H-18B598-AA,HTR PIPE-CORE IN/OUT (EMXI),300,3600
YHBH-18B598-AA,HTR PIPE-CORE IN/OUT (LCI),280,3360
D260-QQDLA-01-02,HTR PIPE-CORE INLET RHD (BA),240,2880
D261-QQDLA-01-01,HTR PIPE-CORE OUTLET RHD(BA),270,3240
D260-QADAA-01-02,HTR PIPE-CORE INLET LH (BA),180,2160
D261-QADAA-01-02,HTR PIPE-CORE OUTLET LHD (BA),190,2280
D261-QJBLA-02-001,HTR PIPE-CORE OUTLET RH (HA),210,2520
D260-QJBAA-02-001,HTR PIPE-CORE INLET LH (HA),211,2532
D261-QJBAA-02-001,HTR PIPE-CORE OUTLET LH (HA),256,3072
D260-QJBLA-02-001,HTR PIPE-CORE INLET RH (HA),289,3468
D260-QQ7AA-02,HTR PIPE-CORE INLET LHD (PA),276,3312
D260-QQ7LA-02,HTR PIPE-CORE INLET RHD (PA),260,3120
D261-QQ7AA-02,HTR PIPE -CORE OUTLET LHD (PA),277,3324
D261-QQ7LA-02-01,HTR PIPE-CORE OUTLET RHD (PA),280,3360
D261-PDFLA-01-01,HTR PIPE-CORE OUTLET (A-ENTRY),250,3000
D260-PDFLA-01-02,HTR PIPE-CORE INLET (A-ENTRY),250,3000
D260-HQFAA-01-01,HTR PIPE-CORE INLET LH (GS),240,2880
D260-HQFLA-01-02,HTR PIPE-CORE INLET RH (GS),230,2760
D261-HQFAA-01-01,HTR PIPE-CORE OUTLET LH (GS),140,1680
D261-HQFLA-01-02,HTR PIPE-CORE OUTLET RH (GS),190,2280
VPBE2H-18B598-DA,HTR PIPE-CORE OUTLET RHD (B515/B562),240,2880
VPBE2H-18B599-DA,HTR PIPE-CORE INLET RHD (B515/B562),270,3240
VPBE2H-18B598-CA,HTR PIPE-CORE OUTLET LHD (B515/B562),230,2760
VPBE2H-18B599-CA,HTR PIPE-CORE INLET LH (B515/B562),220,2640
271PL 00A39,HTR PIPE-CORE INLET LH (X02A),200,2400
271PL 00A85,HTR PIPE-CORE OUTLET LH (X02A),300,3600
271PL 00A38,HTR PIPE-CORE INLET RH (X02A),280,3360
271PL 00A84,HTR PIPE-CORE OUTLET RH (X02A),240,2880
A1AC924R64LA1A,HTR PIPE-CORE RD (K2),270,3240
D260-WBALA-01,HTR PIPE-CORE INLET (W201),180,2160
D261-WBALA-01,HTR PIPE-CORE OUTLET (W201),190,2280
X4736001,HTR PIPE CONNECTING RIGHT (X02B),210,2520
X4737001,HTR PIPE CONNECTING LEFT (X02B),211,2532
T904656AA,HTR PIPE-CORE EVAP OUT 16MM (K2),256,3072
T904633AA,HTR PIPE-CORE EVAP IN 12MM (K2),289,3468
T43231ABA,HTR PIPE-CORE INLET (K2),276,3312
T43229ABA,HTR PIPE-CORE OUTLET (K2),260,3120
VP8E2H-18B598-AC,HTR PIPE-CORE OUTLET LH (B2YY),277,3324
VP8E2H-18B598-BB,HTR PIPE-CORE OUTLET RH (B2YY),280,3360
VP8E2H-18B598-CA,HTR PIPE-CORE STUB OUTLET (B2YY),250,3000
VP8E2H-18B599-AC,HTR PIPE-CORE INLET LH (B2YY),250,3000
VP8E2H-18B599-BC,HTR PIPE-CORE INLET RH (B2YY),290,3480
VP8E2H-18B599-CA,HTR PIPE-CORE STUB INLET (B2YY),270,3240
VP9X2H-18B598-AB,HTR RADIATOR SPOUT OUTLET LH (X259),240,2880
VP9X2H-18B598-BB,HTR RADIATOR SPOUT OUTLET RH (X259),270,3240
VP9X2H-18B599-BB,HTR RADIATOR SPOUT INLET LH (X259),230,2760
VP9X2H-18B599-CB,HTR RADIATOR SPOUT INLET RH (X259),220,2640
F390-QADBC-01-02,IHX PIPE ASSY OLD GSL (BA),200,2400
F390-QQDCA-02-00,IHX PIPE ASSY EO DSL (BA),300,3600
F390-QADBC-02-00,IHX PIPE ASSY EO GSL (BA),280,3360
F390-HQFLA-01-01,IHX PIPE ASSY GAMMA RH (GS),240,2880
F390-HQFMA-01-01,IHX PIPE ASSY U2 RH (GS),270,3240
F390-HQFAA-01-00,IHX PIPE ASSY GAMMA LH (GS),180,2160
F390-HQFBA-01-00,IHX PIPE ASSY U2 LH (GS),190,2280
96FW-18K332-AB,BAFFLE-HEATER CORE (C195),210,2520
96FW-18K332-BB,CONNECTOR FLANGE APT (HA),211,2532
F862-CB5AA-03,JOINT FLANGE DSL (1096),256,3072
SJ-010-9601,JOINT FLANGE,289,3468
,-1149,,
SJ-01149-01,JOINT FLANGE (1172),276,3312
SJ-011-7201,MANIFOLD BASIC PET (B376),260,3120
VP6N2H-19E559-AA,MANIFOLD A/C COMP DV4 (C195),277,3324
VP8N2H-19E559-AA,CONNECTOR,280,3360
, TUBE (PA/NA/TURBO/ECC21/CC24) - (9mm),,
VPF499-QQ7AA-02,CONNECTOR TUBE STEM (B517),250,3000
VPF862-MD9AA-02,JOINT FLANGE SUCTION SJ-1050-01 (PA),250,3000
VPSJ-010-5001,JOINT FLANGE KAPPA SJ-1060-01 (PA),240,2880
VPSJ-010-6001,JOINT FLANGE SJ-1070-01 (PA),230,2760
VPSJ-010-7001,JOINT FLANGE KAPPA (1087),140,1680
VP-SJ01087-01C,JOINT FLANGE KAPPA,190,2280
,-1089,,
VP-SJ01089-01C,JOINT FLANGE,240,2880
, SJ-1090-01 (PA),,
VPSJ-010-9001,BRKT CLAMP-A/C COND (C195),270,3240
XS6H-19D870-AB,BAFFLE-HEATER CORE (EMXI),230,2760
XU3H-18K332-AA,CONNECTOR TUBE (EMXI),220,2640
XU3H-19E562-AA,JOINT FLANGE AA (LCI),200,2400
YHBH-19E776-AA,JOINT FLANGE FA (LCI),300,3600
YHBH-19E776-FA,JOINT FLANGE SJ 1114 (W201),280,3360
SJ01-114-01,JOINT FLANGE(1087),240,2880
VPSJ-010-8701,SENSOR ASSY-E/CORE TEMP (EMXI),270,3240
A606-QQ3AA-01,SENSOR ASSY-E/CORE TEMP (OLD MXI),180,2160
A606-QQVDA-01,THERMOSTAT ASM (GMI),190,2280
F606-LF4LA-02,SENSOR ASSY-E/CORE TEMP (PA LH),210,2520
F606-QQ7AA-01,SENSOR ASSY-E/CORE TEMP (PA RH),211,2532
F606-QQAAA-01,THERMISTER ASSY A/C EVAP ( DSL) (B226),256,3072
VP5N1H-19618-AA,THERMISTER ASSY HS15 ( PET) (B376),289,3468
VP6N2H-19618-AA,SENSOR ASSY-E/CORE TEMP,276,3312
,(B517),,
VPF606-MD9LA-02,SENSOR ASSY-E/CORE TEMP (HA),260,3120
F606-QJBLA-04,HOLDER-E/CORE (BA) - TURKEY,277,3324
F112-QADBA-0201IA,SENSOR ASSY-E/CORE TEMP (BA),280,3360
F606-QQDLA-02-03,SENSOR ASSY (EVAPORATOR) (GS),250,3000
F606-ATBAA-02-01,ASSEMBLY-AUTO (AMBIENT) (GS),250,3000
D152-HQFAA-01-01,SENSOR ASSY-E/CORE TEMP (A-Entry),290,3480
F606-PDFMB-01-00,SENSOR ASSY-E/CORE Temp (W201),270,3240
F606-WBALA-02,SENSOR ASSY-E/CORE TEMP (H79),240,2880
Z3267001,SENSOR ASSY-E/CORE TEMP (H79) PRIME,270,3240
DU577001,HTR PIPE-CORE INLET (B299),230,2760
VPAE8H-18B599-AA,HTR PIPE-CORE OUTLET (B299),220,2640
VPAE8H-18B598-AA,HTR PIPE-CORE STUB IN/OUT (B299),200,2400
VPAE8H-18B598-CA,HTR PIPE-CORE EVAP IN 12MM (N118),300,3600
T1014451TAA,HTR PIPE-CORE EVAP OUT 16MM (N118),280,3360
T1014450XAA,CAP RD (HA/BA/GS/KAPPA/A-ENTRY/B517/B562 /AUDi A3),240,2880
F856-MD9AA-01,BRKT-C TANK (SIGMA),270,3240
VPAE8H-19732-AB,COND FLANGE STEM  M6/M8 (SIGMA),180,2160
VPAV1H-19E777-DA,COND TUBE OUTLET (SIGMA) Forming,190,2280
19C700-19D718-TO2BC,AC TUBE SUC PIPE A (W201),210,2520
390-WBALA-SPA02,AC JOINT FLANGE-VPSJ01S0102 (W201) -OLD,211,2532
VPSJ01S0102,AC TUBE LIQ PIPE A (W201),256,3072
371-WBALA-LPA01,AC JOINT FLANGE-VPSJ01L0101 (W201),289,3468
VPSJ01L0101,AC TUBE LIQ REAR PIPE A (W201),276,3312
371-WBALE-LRA01,AC JOINT FLANGE-VPSJ01L0201 (W201),260,3120
VPSJ01L0201,AC JOINT FLANGE-VPSJ0111401 (W201),277,3324
VPSJ01L1401,AC JOINT FLANGE-SJ01089 (W201),280,3360
SJ0108901,AC JOINT FLANGE SJ 1111-01 (W201),250,3000
SJ01-111-01,AC JOINT FLANGE-VPSJ0L15-01 (W201),250,3000
VPSJ01S2501,AC TUBE LIQ PIPE B (FORMING) (W201),240,2880
371-WBALF-LRA01,AC JOINT FLANGE-VPSJ01L1401 (W201),230,2760
VPSJ01L1501,AC JOINT FLANGE-VPSJ01S0203 (W201),140,1680
VPSJ01S0203,AC JOINT FLANGE-VPSJ01L0303 (W201),190,2280
VPSJ01L0303,AC JOINT FLANGE -SJ01092 -SJ03028 (MCI/PA/BC3),240,2880
SJ01092,Connector (X11),270,3240
VPF720-NABLA-01,COND PIPE ASSY A/C COND TURKEY GB (BA),230,2760
F876-ALEBB-01,AC PIPE ASSY DIS-B (W201),220,2640
VPF374-WBALA-B03,HTR PIPE-CORE EVAP IN 12MM (X11),200,2400
T1022453MAA,HTR PIPE-CORE EVAP OUT 16MM (X11),300,3600
T1022455TAA,HTR PIPE-CORE OUTLET (X11),280,3360
T1021554Q,HTR PIPE-CORE INLET (X11),240,2880
T1021555D,THERMOAMPLIFIER (X3),270,3240
S4097002,HOLDER-E/CORE SENSOR(HA),180,2160
F112-QJBMA-01,COND SUB ASSY INLET (SIGMA M6),190,2280
VPAV1H-19C700-CC,COND SUB ASSY OUTLET RD CAN BASE (SIGMA),210,2520
VPAE1H-19C700-BB,TANK WITH BAFFLE ASSY(DV5) B562,211,2532
VPE4BH-19E775-SFG-AA,TANK (A) WITH BAFFLE ASSY(DV5) B562,256,3072
VPE4BH-19E775-SFG-BB,TANK WITH BAFFLE ASSY (SIGMA) B562,289,3468
VPAE8H-19E775-SFG-BB,TANK (A)WITH BAFFLE ASSY(SIGMA) B562,276,3312
VPAE8H-19E775-SFG-AB,HEADER ASSY-COND MANIFOLD DV5 M6 (B562),260,3120
VPE4BH-19D718-AC,AC TUBE LIQ PIPE A(W201),277,3324
371-WBALA-LPA01/C,AC TUBE LIQ REAR PIPE C(W201),280,3360
371-WBALD-LRB05/C,AC TUBE LIQ REAR PIPE A(W201),250,3000
371-WBALE-LRA01/C,AC TUBE LIQ PIPE B(FORMING)(W201),250,3000
371-WBALF-LRA01/C,AC TUBE SUC REAR PIPE B(W201),290,3480
390-WBALD-SRB05/C,AC TUBE SUC REAR PIPE A(W201),270,3240
390-WBALE-SRA01/C,AC TUBE SUC PIPE (MUFFLER)(W201),240,2880
390-WBALH-SRA01/C,BRKT OUTLET COND IRDS (B562),270,3240
VPE4BH-19D721-AB,COND SUB ASSY INLET (B562),230,2760
VPAV1H-19C700-AC,COND SUB ASSY OUTLET (B562),220,2640
VPAV1H-19C700-BC,HEADER ASSY-TANK-(A) IRDS (B562),200,2400
VPE4BH-19D718-BB,CONNECTOR FLANGE APT (B376),300,3600
VPF862-CBXAA-01,SENSOR ASSY-E/CORE TEMP IA (BA),280,3360
F606-QQDLA-0203IA,IHX PIPE DUAL & LIQ PIPE (TURKEY) HP (IA),240,2880
F911-KOCDKG-01,IHX PIPE DUAL & LIQ PIPE (TURKEY) LP (IA),270,3240
F911-KOCEKG-01,EVAP PIPE ASSY LH (M300),180,2160
27283E470A,EVAP PIPE ASSY RH (M300),190,2280
27283E471A,HTR PIPE-CORE INLET LH PET (M300),210,2520
271PLE470A,HTR PIPE-CORE OUTLET LH PET (M300),211,2532
271PLE473A,HTR PIPE-CORE INLET RH PET (M300),256,3072
271PLE471A,HTR PIPE-CORE OUTLET RH PET (M300),289,3468
271PLE474A,HTR PIPE-CORE INLET RH DSL (M300),276,3312
271PLE472A,HTR PIPE-CORE OUTLET RH DSL (M300),260,3120
271PLE475A,AC TUBE LIQ PIPE DUAL C Straight Pipe (W201),277,3324
AL916134,AC TUBE SUC DUAL-A Roll Grooving (W201),280,3360
AL19165320,AC PIPE ASSY DIS-A LHD/RHD (TBI),250,3000
F374-KP1AA-03PP01,AC PIPE ASSY DIS-B LHD/RHD (TBI),250,3000
F374-KP1AA-03PP02,AC PIPE SUC PIPE A 1.1. LHD (TBI),240,2880
F375-KP1AA05-SA01,CONNECTOR  TUBE (W201/HA) - (8mm),230,2760
VPF499-QQ7AA-02/8mm,ALU TUBE,140,1680
A1207651,BA MANIFOLD (C195),190,2280
XS7H-E559-BA802000,CA MANIFOLD (C195),240,2880
XS7H-E559-CA703000,DA MANIFOLD (C195),270,3240
XS7H-E559-DA701000,AC PIPE ASSY SUC B RHD (TBI),230,2760
F375-KP1LA-SB01,AC PIPE ASSY SUC B GSL (16mm Old Model) (MCI),220,2640
F375-CB5AA-08PP02,J FLANGE,200,2400
, (PA),,
VPSJ-010-8001,AC TUBE SUC DUAL-C (W201),300,3600
AL16165298/C,AC TUBE DUAL-B (W201),280,3360
AL191651124/C,AC TUBE SUC DUAL B (W201),240,2880
AL19165320/C,AC TUBE LIQ PIPE B (W201),270,3240
AL9161150/C,AC TUBE LIQ DUAL C (W201),180,2160
AL916134/C,AC TUBE DUAL LIQ B (W201),190,2280
AL916488.5/C,EVAP PIPE ASSY (FRONT) (EU),210,2520
F171-EUEAA-01-01,HEADER ASSY-COND MANIFOLD FOX M10 (B515),211,2532
VPC1BH-19D718-CC,HTR PIPE-CORE INLET (SGM),256,3072
52443089,HTR PIPE-CORE OUTLET (SGM),289,3468
52437694,EVAP PIPE ASSY (RR) (EU),276,3312
F171-EUEAB-01-01,JOINT FLANGE (1088),260,3120
SJ-010-8801,STRAIGHT PIPE,277,3324
AL1811250,JOINT FLANGE (1087),280,3360
AL191651226,JOINT FLANGE (1147),250,3000
SJ-010-8701,AC PIPE ASSY GSL DIS B OLD (MCI),250,3000
SJ01-147-01,CONNECTOR FLANGE APT (PA),290,3480
F374-CB5AA-07PP02,HEADER ASSY-COND TANK YF EBU (SIGMA),270,3240
F862-CB5AA-01,COND FLANGE STEM YF EBU (SIGMA),240,2880
VPET7H-19D718-BA,HEADER ASSY-CORE CLOSED COLLAR TYPE (B515),270,3240
VPET7H-19E777-AA,EVAP PIPE ASSY INLET LH (B515 ECN),230,2760
HE285S1B1K01,EVAP PIPE ASSY OUTLET LH (B515 ECN),220,2640
HE330B5L1A03,EVAP PIPE ASSY INLET RH (B515 ECN),200,2400
HE331B5L1A03,EVAP PIPE ASSY OUTLET RH (B515 ECN),300,3600
HE330B5L1B03,PB AMB FACELIFT (PB),280,3360
HE331B5L1B03,AC PIPE ASSY GSL DIS HOSE B NEW (MCI),240,2880
96985-1J000,AC PIPE ASSY GSL PIPE B (NEW),270,3240
F374-CB5AB-01PP02,AC JOINT FLANGE-VPSJ01S0103 (W201) -NEW,180,2160
F374-CB5AA-13PP02,HEADER ASSY-COND TANK (YF FOX),190,2280
VPSJ01S0103,JOINT FLANGE (1108),210,2520
HC830B5V1C05,AC PIPE ASSY SUC-B GSL 19MM (MCI),211,2532
VPSJ01-108-01,AC PIPE ASSY SUC-A GSL 19MM (MCI),256,3072
F375-CB5AB-02PP02,AC PIPE ASSY SUC A GSL (MCI) OLD LEVEL,289,3468
F375-CB5AB-02PP01,HOLDER-E/CORE (BA),276,3312
F375-CB5AA-08PP01,HTR PIPE-CORE INLET (TBI),260,3120
F112-QADBA-02-01,AC PIPE ASSY SUC A GSL (MCI),277,3324
D260-KP1AA-01P,HTR PIPE-CORE INLET (PA),280,3360
F390-CB7AA-01PP,HTR PIPE -CORE OUTLET (PA),250,3000
D260-QQ7DA-02,AC PIPE ASSY SUCH A (TBI),250,3000
D261-QQ7DA-02,HTR PIPE-CORE INLET LH (B479),240,2880
F375-KP1LA-LA-O2,HTR PIPE-CORE OUTLET LH (B479),230,2760
00253845-01,SPACER COMP MTG (PA),140,1680
00253846-01,HEADER ASSY-TOC IN/OUT TANK DRAGON (ATOC),190,2280
E500-QQ7AA-01,HEADER ASSY-RETURN TANK A DRAGON (ATOC),240,2880
HS153B5X1B01,HEADER ASSY-TOC-IN/OUT TANK FOX (ATOC),270,3240
HS154B5X1B01,HEADER ASSY-TOC-RETURN TANK A FOX (ATOC),230,2760
HS153B5X1A01,JOINT FLANGE SJ 1109-01,220,2640
HS154B5X1A01,HTR PIPE-CORE INLET (KB AUTO),200,2400
SJ01109-01,HTR PIPE-CORE OUTLET (KB AUTO),300,3600
AH004286,EVAP PIPE ASSY CORE (KB AUTO),280,3360
AH004287,HEADER ASSY-COND TANK A DRAGON (MCA),240,2880
A1W01276,HEADER ASSY -COND TANK DRAGON (MCA),270,3240
VPH6BH-19D718-CB,HEADER ASSY -COND TANK A MANUAL (MCA),180,2160
VPH6BH-19D718-DB,HEADER ASSY-COND TANK MANUAL (MCA),190,2280
HC830B1P1B05,HEADER ASSY-COND TANK FOX (MCA),210,2520
HC830B1P1A05,HEADER ASSY-COND TANK A FOX (MCA),211,2532
HC830B1P1E05,HEADER ASSY -COND FOX (WTOC),256,3072
HC830B1P1F06,IHX PIPE ASSY TURKEY (IA-PE),289,3468
HS211B5X1A01,IHX SUB ASSY SUC MUFFLER (IA-PE),276,3312
F911-KOCSPE-02,IHX TUBE LIQ A (IAPE),260,3120
F910-KOCSMN-03,IHX SUB ASSY BRAZING TURKEY (IAPE),277,3324
F910-KOCLRA-02,IHX PIPE ASSY B515 HP (MCA)-R134A,280,3360
F910-KOCSPE-03,IHX PIPE ASSY B515 LP (MCA)-R1234 A,250,3000
FP1Y1B1Y1A01,JOINT FLANGE (LCI),250,3000
FP4T3B1Y1A01,AC PIPE ASSY DIS B (W205),290,3480
SJ1080-01,AC PIPE ASSY DIS A (W205),270,3240
VPSJ01002-02,COND PIPE ASSY A/C JUMPER TURKEY (BA),240,2880
FA1B0D4P1B01,AC PIPE ASSY DIS A BSG (W207),270,3240
FA1B0D4P1A01,AC PIPE ASSY DIS B BSG (W207),230,2760
F876-QQDAB-02,HTR PIPE-CORE INLET (W205),220,2640
PLFA1B0D4P1C-01-00,HTR PIPE-CORE OUTLET (W205),200,2400
PLFA1B0D4P1D-01-00,HEADER ASSY-COND TANK B562 (MCA),300,3600
HH260WBAGA01,HEADER ASSY-COND TANK-(A) B562 (MCA),280,3360
HH261WBAGA01,BRKT TANK B562 (MCA),240,2880
HC830-H1U1C-01,COND SUB ASSY INLET B562 (MCA),270,3240
HC830-H1U1F-01,COND SUB ASSY OUTLET B562 (MCA),180,2160
HC841-H1U1A-01,COND SUB ASSY TANK A B562 (MCA),190,2280
H1742-H1U1C-01,SENSOR ASSY-TEMP (S3 TYPE),210,2520
HC742-H1U1D-01,HTR PIPE CORE INLET RHD (B479),211,2532
HC742-H1U1E-01,HTR PIPE CORE OUTLET RHD (B479),256,3072
ES1E0QQDLB01,HTR PIPE-CORE INLET (W207/W208),289,3468
HC8301AE1B06,HTR PIPE-CORE OUTLET (W207/W208),276,3312
HH260F2X1E02,EVAP PIPE ASSY CORE OUTLET (YHA),260,3120
HH261F2X1C02,EVAP PIPE ASSY CORE INLET (YHA),277,3324
HH260WBAGB01,HTR PIPE-CORE OUTLET (C2),280,3360
HH261WBAGB01,HTR PIPE-CORE INLET (C2),250,3000
T69141B,EVAP PIPE ASSY CORE RH (B562) Gujarat,250,3000
T69139B,EVAP PIPE ASSY CORE LH (B562) Gujarat,240,2880
HH261-B2PAA-01,New Product,230,2760
HH260-B2PAA-01,FORGING PULLEY (GEM),140,1680
VPBE2H-19807-BB,BOTTOM PLATE ASSEMBLY -ATWU,190,2280
VPBE2H-19807-AB,BRKT A/C MOUNTING (B515),240,2880
New Product,HEADER ASSY-COND TANK A (U321),270,3240
CF485SVKAA-SFG-01,HEADER ASSY-COND TANK (U321),230,2760
HS203B5Y1C02,BRKT-C TANK A (U321),220,2640
VP8L8H-19866-BA,BRKT-D TANK A (U321),200,2400
HC831-A1V1A-01,BRKT-A TANK (U321),300,3600
HC830-A1V1A-03,BRKT-B TANK (U321),280,3360
HC843-A1V1A-01,COND FLANGE OUTLET COUPLING TANK (U321),240,2880
HC844-A1V1A-01,COND SUB ASSY INLET (U321),270,3240
HC841-A1V1A-03,KAPPA FLANGE - SUC,180,2160
HC842-A1V1A-03,TANK WITH BAFFLE (U321),190,2280
HC840-A1V1A-01,TANK A WITH BAFFLE (U321),210,2520
HC742-A1V1A-02,HTR PIPE CORE (BMW HCX),211,2532
KAPPA FLANGE - SUC,HTR PIPE CORE FEED (BMW G07),256,3072
830-A1V1A-SFG-03-00,HTR PIPE CORE RETURN (BMW G07),289,3468
831-A1V1A-SFG-01-00,HTR PIPE CORE NGP (PACCAR)-W206,276,3312
KA060003,HTR PIPE CORE INLET (X7),260,3120
KA181002,HTR PIPE CORE OUTLET (X7),277,3324
KA182002,HTR PIPE CORE INLET (DH),280,3360
W2064001,HTR PIPE CORE OUTLET (DH),250,3000
X7004002,HTR PIPE CORE OUTLET (V24),250,3000
X7005002,HTR PIPE CORE INLET (V24),290,3480
DH623002,HTR PIPE CORE INLET (EU),270,3240
DH622002,HTR PIPE CORE OUTLET (EU),240,2880
V2482001,HTR PIPE CORE INLET (P1),270,3240
V2481001,HTR PIPE CORE OUTLET (P1),230,2760
EU301002,HTR PIPE CORE INLET CONNECTING (EZ),220,2640
EU302002,HTR PIPE CORE OUTLET CONNECTING (EZ),200,2400
P1006002,HTR PIPE CORE INLET FEED (DU),300,3600
P1007002,HTR PIPE CORE OUTLET RETURN (DU),280,3360
EZ536001,HTR PIPE CORE INLET LX (CHRYSLER),240,2880
EZ534001,HTR PIPE CORE OUTLET (LAMBDA),270,3240
DU325004,HTR PIPE-CORE INLET (M24),180,2160
DU326004,HTR PIPE CORE OUTLET (M24),190,2280
P5512002,SENSOR ASSY-E/CORE TEMP(PB),210,2520
B8406002,HEADER DV5/SIGMA (B562),211,2532
M2432002,IHX SUB ASSY -LIQ (W207),256,3072
M2433002,IHX SUB ASSY - LIQ 02 (W207),289,3468
E303833-1430,IHX SB ASSY - SUC (W207) (950MM),276,3312
VPAE8H-19E774-AB/G,AC PIPE ASSY DIS A (W208),260,3120
VXF371WBLOBA01,AC PIPE ASSY DIS B (W208),277,3324
VXF371WBLOXX01,HEADER ASSY-COND FOX (WTOC-B562),280,3360
VX390WBALOBC01,HEADER ASSY-COND TANK (W205),250,3000
HXF374-WBALC-A01,HEADER ASSY-COND TANK A (W205),250,3000
HXF374-WBALC-B01,HEADER ASSY-TOC-IN/OUT TANK FOX (ATOC-B562),240,2880
HS211H1U1A02,HEADER ASSY-TOC-RETURN TANK A FOX (ATOC-B562),230,2760
HC830WBAAC01,HEADER ASSY-COND TANK (AH EPSILON),140,1680
HC831WBAAC01,HEADER ASSY-COND TANK A (AH EPSILON),190,2280
HS153H1U1A03,HTR PIPE-CORE INLET RH (AH),240,2880
HS154H1U1B03,HTR PIPE-CORE OUTLET RH (AH),270,3240
HC830QRJAB03,IHX PIPE ASSY KAPPA (AH),230,2760
HC831QRJAB03,IHX PIPE ASSY EPSILON (AH),220,2640
HH260QRJLA03,EVAP PIPE ASSY CORE RH (AH),200,2400
HH261QRJLA03,HEADER ASSY-COND TANK (AH KAPPA),300,3600
FC2R1QRJCB02,HEADER ASSY-COND TANK A (AH KAPPA),280,3360
FC2R1QRJCA,CUT TUBE 12.7 X 1.65 X 45MM,240,2880
HE333QRJLA03,HTR PIPE-CORE INLET (S201),270,3240
HC830QRJAA05,HTR PIPE-CORE OUTLET (S201),180,2160
HC831QRJAA02,EVAP PIPE ASSY CORE (S201),190,2280
FP2T3B1Y1J01,HTR PIPE-CORE OUTLET LHD (B515/B562)-Export,210,2520
W1AHS201SUB12,HTR PIPE-CORE OUTLET RHD (B515/B562)-Export,211,2532
W1AHS201SUB11,HTR PIPE-CORE INLET LH (B515/B562)-Export,256,3072
W1AHS20105000,HTR PIPE-CORE INLET RHD (B515/B562)-Export,289,3468
VPBE2H-18B598-CA/EX,SOFTCAP DOOR FRAME,276,3312
VPBE2H-18B598-DA/EX,BRASS SLEEVE (BX1YX01A) (7.3),260,3120
VPBE2H-18B599-CA/EX,HTR PIPE-CORE INLET (RBC)-OLD,277,3324
VPBE2H-18B599-DA/EX,HTR PIPE-CORE OUTLET (RBC)-OLD,280,3360
CMFC-10630-AA,HTR PIPE-CORE EVAP IN 12MM (RBC),250,3000
LS215002,HTR PIPE-CORE EVAP OUT 16MM (RBC),250,3000
T41293CA,HTR PIPE CORE ROHR (MFA2),290,3480
T41292CA,EVAP TUBE  RIGHT (CD6),270,3240
T63835CA,EVAP TUBE LEFT (CD6),240,2880
T63836CA,COND SUB ASSY RD CAN BASE (B562-MCA),270,3240
BN0GP01A-01,HTR PIPE-CORE INLET LH (AH),230,2760
KX653001,HTR PIPE-CORE OUTLET LH (AH),220,2640
KX654001,EVAP PIPE ASSY CORE LH (AH/AC3),200,2400
HC742-H1U1B-01,TANK WITH BAFFLE B562 (MCA),300,3600
HH260QRJAA03,TANK A WITH BAFFLE B562 (MCA),280,3360
HH261QRJAA03,SENSOR ASSY-E/CORE TEMP RH (AH),240,2880
HE333QRJAA03,AC PIPE ASSY DIS HOSE (KB AUTO TECH),270,3240
830-H1U1C-SFG-01,AC PIPE ASSY LIQ HOSE TO DRIER (KB AUTO TECH),180,2160
831-H1U1F-SFG-01,AC PIPE ASSY LIQ HOSE FR DRIER (KB AUTO TECH),190,2280
ES1E0QRJAA02,AC PIPE ASSY SUC AND DIS (KB AUTO TECH),210,2520
AD202363A,AC PIPE ASSY SUCTION HOSE (KB AUTO TECH),211,2532
AD202364A,AC PIPE ASSY DISCHARGE (KB AUTO TECH),256,3072
AD202365A,AI3-IHX (New),289,3468
AD202366A,Discharge Flange (AI3),276,3312
AD400690,IHX PIPE ASSY KANA (AI3),260,3120
AD400691,IHX PIPE ASSY KALA (AI3),277,3324
AI3-IHX (New),IHX PIPE ASSY KAMA (AI3),280,3360
Discharge Flange (AI3),HTR PIPE-CORE INLET (MG MOTOR),250,3000
FA1A1AKANA02 (Old Level),HTR PIPE-CORE OUTLET (MG MOTOR),250,3000
FA1A1AKALA02,EVAP PIPE ASSY-CORE (MG MOTOR),240,2880
FA1A1AKAMA02,HEADER ASSY-COND TANK (AI3),230,2760
HH260-G6CLA-01,HEADER ASSY-COND TANK A (AI3),140,1680
HH261-G6CLA-01,TANK ASSY WITHOUT BAFFLE DV5 (B562),190,2280
HE333-G6CLA-01,TANK A ASSY WITHOUT BAFFLE DV5 (B562),240,2880
HC830AKAAA03,TANK ASSY WITHOUT BAFFLE SIGMA (B562),270,3240
HC831AKAAA06,TANK A ASSY WITHOUT BAFFLE SIGMA (B562),230,2760
VPAP3H-19E775-SFG-BA,EVAP CORE SENSOR (MG),220,2640
VPAP3H-19E775-SFG-AA,HEADER ASSY-COND TANK  (MG MOTOR),200,2400
AE8H-19E775-SFG-BB,HEADER ASSY-COND TANK-A (MG MOTOR),300,3600
AE8H-19E775-SFG-AB,BRASS SLEEVE(BX37801A) (6.7),280,3360
ES1E0G6CLA03,BRASS SLEEVE (BX38Y01A) (6.2),240,2880
HC830G6C1A,COND PIPE ASSY A/C JUMPER U2 (SP2I),270,3240
HC831G6C1A,COND PIPE ASSY A/C JUMPER WITH KNURL PIN U2 (SP2I),180,2160
LS787001,IHX PIPE ASSY GAMMA RHD (SP2I),190,2280
LS817001,IHX PIPE ASSY U2 RHD (SP2I),210,2520
FA1A8SPIAB02,IHX PIPE ASSY KAPPA RHD (SP2I),211,2532
FA1A8SPIBB01,HTR PIPE-CORE LIQUID LH (LX13),256,3072
FC2R1SPILA02,HTR PIPE-CORE LIQUID RH (LX12),289,3468
FC2R1SPINA02,HTR PIPE-CORE SUCTION RH (LX12),276,3312
FC2R1SPIOA02,HTR PIPE-CORE SUCTION LH (LX13),260,3120
Y8957003,HTR PIPE-CORE SUCTION (RT FRONT),277,3324
Z3659001,HTR PIPE-CORE LIQUID (RT FRONT),280,3360
Z3658001,HTR PIPE-CORE (M1 ATOC)-Old,250,3000
Y8956003,EVAP PIPE ASSY CORE FITTING,250,3000
K4292002,HTR PIPE CORE FITTING ASSY,290,3480
K4454002,HTR PIPE-CORE OUTLET (DELPHI),270,3240
LR713001,HTR PIPE-CORE INLET (DELPHI),240,2880
D4790-100-01,HTR PIPE-CORE SPOUT (WCAC),270,3240
TE745G5S2B01,HTR PIPE CORE INLET FEED (CC S/T),230,2760
52430913-02,HTR PIPE CORE OUTLET RETURN (CC S/T),220,2640
52430912-02,HTR PIPE-CORE SUCTION FRONT (CC S/T),200,2400
HW717JD7AA04,HTR PIPE-CORE SUCTION REAR (CC S/T),300,3600
GF613001-03,HTR PIPE-CORE INJECTION FRONT (CC S/T),280,3360
GF834001-03,HTR PIPE-CORE INJECTION REAR (CC S/T),240,2880
GH924001-02,HTR PIPE CORE FRONT FEED (CC S/T),270,3240
FZ729001-05,HTR PIPE CORE FRONT RETURN (CC S/T),180,2160
GH891001-01,HTR PIPE-CORE INLET RH (SP2I),190,2280
GH532001-03,HTR PIPE-CORE OUTLET RH (SP2I),210,2520
GF653002-05,EVAP PIPE ASSY-CORE RH (SP2I),211,2532
GF695002-05,EVAP PIPE ASSY-CORE (DELPHI),256,3072
HH260SPILA04,AC PIPE ASSY MUFFLER U2 LH/RH (SP2I),289,3468
HH261SPILA04,AC PIPE ASSY MUFFLER KAPPA LH/RH (SP2I),276,3312
HE333SPILA05,AC PIPE ASSY MUFFLER GAMMA-1 LH/RH (SP2I),260,3120
52428600-05,AC PIPE ASSY MUFFLER GAMMA-2 RH (SP2I),277,3324
FC2R1SPINC02,HEADER ASSY-COND TANK KAPPA (SP2I),280,3360
FC2R1SPIOC02,HEADER ASSY-COND TANK A KAPPA (SP2I),250,3000
FC2R1SPILG02,COND PIPE ASSY A/C JUMPER KAPPA (SP2I),250,3000
FC2R1SPIMA02,HEADER ASSY-COND TANK GAMMA (SP2I),240,2880
HC830HSUAB05,HEADER ASSY-COND TANK A GAMMA (SP2I),230,2760
HC831HSUAB06,HEADER ASSY-COND TANK WITH KNRUL PIN GAMMA (SP2I),140,1680
FA1A8GCPAA01,AC PIPE ASSY DIS A (W207),190,2280
HC830HSUAA05,AC PIPE ASSY DIS B (W207),240,2880
HC831HSUAA04,HTR PIPE-CORE INLET LH (AC3),270,3240
HC830-SPIBA-04,HTR PIPE-CORE OUTLET LH (AC3),230,2760
FA1B0D4P1E01,SLEEVE (RED),220,2640
FA1B0D4P1F01,SLEEVE (SILVER),200,2400
HH260QRJAA,SLEEVE (BLUE),300,3600
HH261QRJAA,IHX PIPE ASSY EPSILON DUAL WITHOUT EO (AH),280,3360
MD544001,IHX PIPE ASSY EPSILON SUC WITHOUT EO (AH),240,2880
MD542001,D Panel Assembly (W208),270,3240
MD543001,IHX PIPE ASSY KAPPA (AI3),180,2160
FC2R1QRJCA03,IHX PIPE ASSY WITHOUT EO KANA (AI3),190,2280
FC2R1QRJCE02,CONNECTOR IN Y1K,210,2520
D Panel,CONNECTOR OUT Y1K,211,2532
FA1A1AKAPA01,IHX TUBE FT-ASY-A/C SUCTION (MCA B515),256,3072
FA1A1AKANA03,IHX TUBE FT-ASY-A/C LIQUID (MCA B515),289,3468
A1AH95744F290A,IHX PIPE ASSY WITHOUT EO SUC TXV  (AI3),276,3312
A1AH95745F290A,Cut Piece 15.88 X1.24X 125mm,260,3120
FC2R1C4N1A01,HOSE CONNECTOR - OUTLET (M&H),277,3324
FC2R2C4N1A01,HTR PIPE HOSE CONNECTOR - INLET (M&H),280,3360
FA1A1AKANB01,PIPE (H5GEN2),250,3000
1588124125mm,AC PIPE ASSY MULTE DISCHARGE -A (W601),250,3000
8495830,AC PIPE ASSY MULTE DISCHARGE -B (W601),290,3480
8495814,HTR PIPE-CORE INLET COOLANT (CHILLER),270,3240
7941149,HTR PIPE-CORE OUTLET COOLANT (CHILLER),240,2880
FA1B0MW6LA01,IHX PIPE ASSY GAMMA LHD (SP2I),270,3240
FA1B0MW6LB01,IHX PIPE ASSY U2 LHD (SP2I),230,2760
HL133F2X1A02,IHX PIPE ASSY KAPPA LHD (SP2I),220,2640
HL133G5O1A01,HTR PIPE-CORE INLET LH (SP2I),200,2400
FC2R1SPIAA02,HTR PIPE-CORE OUTLET LH (SP2I),300,3600
FC2R1SPICA01,EVAP PIPE ASSY-CORE LH (SP2I),280,3360
FC2R1SPIDA01,IHX PIPE ASSY LIQUID LAA (AC3),240,2880
HH260SPIAA03,IHX PIPE ASSY SUC MUFFLER-SAB (AC3)-R1234YF,270,3240
HH261SPIAA03,IHX PIPE ASSY SUC-SAA (AC3)-R134A,180,2160
HE333SPIAA05,IHX PIPE ASSY SUC-SAZ (AC3)-R134A,190,2280
F910ACLAA01,IHX PIPE ASSY DUAL-PA01 (AC3),210,2520
F910ACSAB01,IHX PIPE ASSY DUAL-QA01 (AC3),211,2532
F910ACSAA01,HTR PIPE-CORE OUTLET (RBC),256,3072
F910ACSAZ01,HTR PIPE-CORE INLET (RBC),289,3468
F910ACDPA01,JOINT FLANGE TURKEY AA,276,3312
F910ACDQA01,JOINT FLANGE TURKEY BB,260,3120
T341606A,HEADER ASSY-COND TANK-(A) GSL (BA)-NEW,277,3324
T341604A,HEADER ASSY-COND TANK-(A) DSL (BA)-NEW,280,3360
VP9T1H-19E776-AA,HEADER ASSY-COND TANK-(A) GSL (GS)-NEW,250,3000
VP9T1H-19E776-BB,HEADER ASSY-COND TANK-(A) DSL (GS)-NEW,250,3000
HC831-QQDAC-01,SENSOR ASSY-E/CORE TEMP LH (AH),240,2880
HC831-QQDBB-01,AC PIPE ASSY DISCHARGE LH/RH (SP30),230,2760
HC831-HQFAA-01,AC PIPE ASSY LIQUID HOSE LH/RH (SP30),140,1680
HC831-HQEAB-01,AC PIPE ASSY LIQUID TO REC RH (SP30),190,2280
ES1E0QRJBA02,AC PIPE ASSY HOSE LIQUID LH/RH (SP30),240,2880
AD201588,AC PIPE ASSY DISCHARGE RH (SP30),270,3240
AD201590A,AC PIPE ASSY LIQUID KBIN RH (SP30),230,2760
AD201591A,AC PIPE ASSY SUC & DIS RH (SP30),220,2640
AD201583A,AC PIPE ASSY LIQUID FR REC RH (SP30),200,2400
AD201728B,AC PIPE ASSY SUCTION LH/RH 14mtr (SP30),300,3600
AD201680A,AC PIPE ASSY DISCHARGE LH/RH 14mtr (SP30),280,3360
AD2021678B,IHX PIPE ASSY U2 (SU2I SWB),240,2880
AD202405A,IHX PIPE ASSY KAPPA (SU2I SWB),270,3240
AD202412A,IHX PIPE ASSY GAMMA-2 (SU2I SWB),180,2160
AD202411B,AC PIPE ASSY HOSE LIQUID PFC (LC36),190,2280
DBF000078-00 (14mtr),AC PIPE ASSY HOSE LIQUID FR (LC36),210,2520
DBF000079-00(14mtr),AC PIPE ASSY DIS HOSE PFC (LC36),211,2532
FC2R1SUINA01,AC PIPE ASSY LIQUID REC (LC36),256,3072
FC2R1SUIOA01,AC PIPE ASSY LIQUID (LC36),289,3468
FC2R1SUIMA01,AC PIPE ASSY SUC & DIS (LC36),276,3312
AD202515A,HTR PIPE-CORE (M1 ATOC)-New,260,3120
AD202516A,IHX PIPE ASSY DUAL-LA01 (AC3),277,3324
AD202517A,IHX PIPE ASSY DUAL-MA01 (AC3),280,3360
AD202519,IHX PIPE ASSY LIQUID LLA (AC3),250,3000
AD202526A,IHX PIPE ASSY SUC MUFFLER-SLZ (AC3)-R1234YF,250,3000
AD202527A,IHX PIPE ASSY SUC-SLA (AC3)-R134A,290,3480
LR713002,IHX PIPE ASSY SUC-SLB (AC3)-R134A,270,3240
F910ACDLA01,IHX PIPE ASSY LIQUID LJA (AC3),240,2880
F910ACDMA01,IHX PIPE ASSY LIQUID LKA (AC3),270,3240
F910ACLLA01,IHX PIPE ASSY SUC-SNA (AC3)-R134A,230,2760
F910ACSLZ01,IHX PIPE ASSY SUC-SNB (AC3)-R134A,220,2640
F910ACSLA01,IHX PIPE ASSY SUC-SMA (AC3)-R134A,200,2400
F910ACSLB01,IHX PIPE ASSY SUC-SMB (AC3)-R134A,300,3600
F910ACLJA01,IHX PIPE ASSY DUAL-TF01 (AC3),280,3360
F910ACLKA01,IHX PIPE ASSY DUAL-TH01 (AC3),240,2880
F910ACSNA01,AC PIPE FT ASY AC DIS ASSY (NA),270,3240
F910ACSNB01,HTR PIPE-CORE INLET (W601),180,2160
F910ACSMA01,HTR PIPE-CORE OUTLET (W601),190,2280
F910ACSMB01,IHX PIPE ASSY DUAL-TX02 (AC3),210,2520
F910ACDTF01,IHX PIPE ASSY DUAL-TY02 (AC3),211,2532
F910ACDTH01,EVAP PIPE ASSY CORE FITTING (TOC),256,3072
XL-PSA-DISNA-001,EVAP PIPE ASSY CORE FITTING (GCOC),289,3468
HH260MW6LA01,SENSOR ASSY-E/CORE TEMP LH (SP2I),276,3312
HH261MW6LA01,SENSOR ASSY-E/CORE TEMP RH (SP2I),260,3120
F910ACDTX02,AC PIPE ASSY DISCHARGE LH/RH 13mtr (SP30),277,3324
F910ACDTY02,AC PIPE ASSY SUCTION LH/RH 13mtr (SP30),280,3360
8651051,EVAP PIPE ASSY CORE (W601),250,3000
8651077,IHX PIPE ASSY LIQ OUTLET (W601),250,3000
ES1E0SPIAA01,IHX PIPE ASSY SUC TXV  (W601),240,2880
ES1E0SPILA01,AL Bended Tube (1.5mm),230,2760
DBF000079-00(13mtr),EVAP PIPE ASSY CORE D-PANEL RR (W601),140,1680
DBF000078-00 (13mtr),SENSOR (SP2I),190,2280
HE333MW6LA02,VW T6 PA LP Assemblies Without Brasket,240,2880
FA1B2MW6LC01,COOLANT TUBE -OUTLET,270,3240
FA1B1MW6LC01,FITTING FLANGE TE,230,2760
PL TE745G5S1A-01,TUBE ASSY EGR TE WITH BRKT,220,2640
HE332MW6LA-02,RD FLUXED CAP,200,2400
ES1B0ATBBA01,SENSOR ASSY-E/CORE TEMP LH/RH (SP2I),300,3600
36006-8818,IHX PIPE ASSY DUAL-TF02 (AC3),280,3360
TE745G5S2B01-00,HTR PIPE-CORE INLET RH (GS 27T to 20T),240,2880
TE1D9G5SF1-01,HTR PIPE-CORE OUTLET RH (GS 27T to 20T),270,3240
TE2A7G5STB,AC PIPE ASSY HOSE DISCHARGE 7.5mtrs (KB AUTO TECH),180,2160
F856-MD9AA-01P (Flux),AC PIPE ASSY HOSE SUCTION 7.5mtrs (KB AUTO TECH),190,2280
ES1E0SPILA03,JOINT FLANGE SUCTION (G12),210,2520
F910ACDTF02,JOINT FLANGE SUCTION BRAZED 3/4 (G12),211,2532
D260HQFLA01,IHX PIPE ASSY SUCTION-H-PLATE (G12),256,3072
D261HQFLA01,IHX PIPE ASSY LIQUID TXV END (G12),289,3468
AD400826,AC PIPE ASSY DISCHARGE 1.2mtr (MP24),276,3312
AD400825,AC PIPE ASSY SUC HOSE 1.2mtr (MP24),260,3120
FC1J8F2SBA01,AC PIPE ASSY DIS HOSE 6.5mtr (MP24),277,3324
FC1J8F2SAA01,AC PIPE ASSY SUC HOSE 6.5mtr (MP24),280,3360
FA1B1K3FBA01,IHX PIPE ASSY (YPI),250,3000
FC2R2K3FAA01,AC PIPE ASSY MUFFLER (YPI),250,3000
DBF000130-00,HTR PIPE-CORE INLET QUICK CONNECTOR,290,3480
DBF000131-00,HTR PIPE-CORE OUTLET QUICK CONNECTOR,270,3240
DBF000135-00,EVAP PIPE ASSY-CORE (W208),240,2880
DBF000136-00,TANK A CN180 CONDENSER,270,3240
FC2R1KYNLC01,HEADER CN180 CONDENSER,230,2760
FC2R1KYNLF01,HEADER ASSY-COND TANK-(A) U2 (SU2I LWB),220,2640
HV814-G6MAA-01,HEADER ASSY-COND TANK-(A) NU (SU2I),200,2400
HV814-G6MAB-01,HEADER ASSY-COND TANK NU (SU2I),300,3600
F171WBALB01,IHX PIPE ASSY DUAL-PA01 (BC3),280,3360
TANK A TYPE,IHX PIPE ASSY DUAL-LA01 (BC3),240,2880
HEADER TYPE,IHX PIPE ASSY DUAL-QA01 (BC3),270,3240
HC831SULAB02,IHX PIPE ASSY DUAL-QB01 (BC3),180,2160
HC831SULAA02,IHX PIPE ASSY DUAL-MB01 (BC3),190,2280
HC830SULAA02,IHX PIPE ASSY DUAL-TF03 (BC3),210,2520
F910BCDPA01,IHX PIPE ASSY DUAL-TH04 (BC3),211,2532
F910BCDLA01,IHX PIPE ASSY DUAL-FF03 (BC3),256,3072
F910BCDQA01,IHX PIPE ASSY DUAL-FH03 (BC3),289,3468
F910BCDQB01,EVAP PIPE ASSY CORE FRONT (YPI),276,3312
F910BCDMB01,HTR PIPE-CORE INLET (YPI),260,3120
F911BCDTF03,HTR PIPE-CORE OUTLET (YPI),277,3324
F911BCDTH04,N Line Flange (BC3),280,3360
F911BCDFF03,AC PIPE ASSY SUC RR (YPI),250,3000
F911BCDFH03,AC PIPE ASSY LIQUID-B (YPI),250,3000
HE333YPCLA03,IHX PIPE ASSY U2 RHD LWB (SU2I),240,2880
HH260YPCLA01,IHX PIPE ASSY NU LHD LWB (SU2I),230,2760
HH261YPCLA01,AC PIPE ASSY MUFFLER NU LWB (SU2I),140,1680
FC1K4BCNAA01,AC PIPE ASSY MUFFLER U2 LWB (SU2I),190,2280
FC2R2KYNLI01,AC PIPE ASSY SUC RR RHD LWB (SU2I),240,2880
FC2R2KYNLC01,AC PIPE ASSY LIQ RR RHD LWB (SU2I),270,3240
FC2R1SULMA01,IHX PIPE ASSY NU RHD LWB (SU2I),230,2760
FC2R1SULAA01,AC PIPE ASSY SUC RR LHD LWB (SU2I),220,2640
FC2R1SULLC01,AC PIPE ASSY LIQ RR LHD LWB (SU2I),200,2400
FC2R1SULMC01,IHX PIPE ASSY U2 LHD LWB (SU2I),300,3600
FC2R1SULLH01,HEADER ASSY (8797)-22.2 (MODINE),280,3360
FC2R2SULLB01,IHX PIPE ASSY DUAL-AA03 (BC3),240,2880
FC2R1SULLA01,IHX PIPE ASSY DUAL-AB03 (BC3),270,3240
FC2R1SULAE01,EVAP PIPE ASSY CORE D-PANEL RR LWB (SU2I),180,2160
FC2R2SULAB01,HEADER ASSY (8800)-22.2 (MODINE),190,2280
FC2R1SULBA01,EVAP PIPE ASSY-CORE (NE EV),210,2520
8729071,HEADER ASSY (0562)-22.2 (MODINE),211,2532
F910BCNAA03,HEADER ASSY (0567)-22.2 (MODINE),256,3072
F910BCNAB03,HEADER ASSY (4637)-22.2 (MODINE),289,3468
HE332SULAB03,HEADER ASSY (5404)-22.2 (MODINE),276,3312
8729089,HEADER ASSY (3259)-22.2 (MODINE),260,3120
XLHC902HNEAA01,HEADER ASSY (6617)-22.2 (MODINE),277,3324
8729097,HEADER ASSY (9242)-22.2 (MODINE),280,3360
8729303,HEADER ASSY (9240)-22.2 (MODINE),250,3000
8729345,EVAP PIPE ASSY-CORE (RG3 EV),250,3000
8729378,AC PIPE ASSY LIQUID RR (YPI),290,3480
8729337,END CAP & PIN MOUNT AL (5E0177360000) (Modine),270,3240
8729048,AC JOINT FLANGE LIQUID (W601),240,2880
8729022,AC JOINT FLANGE LIQUID REAR (B) (W601),270,3240
8729030,AC JOINT FLANGE SUCTION REAR (B) (W601),230,2760
HC902-RGEAA-01,SENSOR ASSY-E/CORE TEMP (W601),220,2640
FC2R2KYNLL01,IHX PIPE ASSY (W601),200,2400
8674541,AC PIPE ASSY LIQ INLET (W601),300,3600
FC1K4MW6FM01,PIPE ASY-INSIDE COND (Nec),280,3360
FC1K4MW6NB01,HEADER ASSY (5946)-17.5 (MODINE),240,2880
FC1K4MW6NA01,HEADER ASSY (4293)-17.5 (MODINE),270,3240
ES1E0MW6LA01,HEADER ASSY (5221)-17.5 (MODINE),180,2160
FA1B1MW6LB01,HEADER ASSY (4067)-17.5 (MODINE),190,2280
FA1B2MW6LA01,HEADER ASSY (4068)-17.5 (MODINE),210,2520
PIPE ASY-INSIDE COND,HEADER ASSY (2004)-17.5 (MODINE),211,2532
8749673,HEADER ASSY (3495)-17.5 (MODINE),256,3072
8749657,HEADER ASSY (9442)-17.5 (MODINE),289,3468
8749665,HEADER ASSY (8809)-17.5 (MODINE),276,3312
8749632,HEADER ASSY (8810)-17.5 (MODINE),260,3120
8749640,HEADER ASSY (5233)-17.5 (MODINE),277,3324
8749467,HEADER ASSY (8812)-17.5 (MODINE),280,3360
8749624,HEADER ASSY (8813)-17.5 (MODINE),250,3000
8751836,HEADER ASSY (5514)-17.5 (MODINE),250,3000
8749681,HEADER ASSY (9073)-17.5 (MODINE),240,2880
8749699,HEADER ASSY (5271)-17.5 (MODINE),230,2760
8750861,HEADER ASSY (5944)-17.5 (MODINE),140,1680
8751802,HEADER ASSY (5364)-17.5 (MODINE),190,2280
8751810,AC PIPE ASSY DISCHARGE (NA),240,2880
8750960,AC PIPE ASSY SUC &LIQ (NA),270,3240
8751828,Evap Long Tube Jumper With Saddle (Nikola),230,2760
8750846,EVAP PIPE ASSY CORE BSVI (W208),220,2640
8750978,HTR PIPE CORE OUTLET RH RETURN (VM MQB),200,2400
8750853,HTR PIPE CORE INLET RH FEED (VM MQB),300,3600
9837157880-00,HTR PIPE CORE INLET LLH FEED (VM MQB),280,3360
9837157980-00,HTR PIPE CORE OUTLET LH RETURN (VM MQB),240,2880
8905069,BX772XM PROTOMANIFOLD FLANGE MANIFOLD ASSY,270,3240
HE333XUVLA01,IHX PIPE ASSY LIQ TUBE-LAA (AC3),180,2160
C708F01,IHX PIPE ASSY LIQ TUBE-LAB (AC3),190,2280
C708K01,IHX PIPE ASSY SUC TUBE-DPD (AC3),210,2520
C51AS01,IHX PIPE ASSY LIQ TUBE-LJD (AC3),211,2532
C51AU01,IHX PIPE ASSY LIQ TUBE-LJE (AC3),256,3072
NPC07IN4878,IHX PIPE ASSY SUC TUBE-DTA (AC3),289,3468
F915ACLAA01,IHX PIPE ASSY SUC TUBE-DTB (AC3),276,3312
F915ACLAB01,IHX PIPE ASSY SUCTION (SP2I),260,3120
F916ACDPD01,TUBE ASSY EVAP CORE - CN202,277,3324
F915ACLJD01,HTR PIPE-CORE INLET (J34),280,3360
F915ACLJE01,HTR PIPE-CORE OUTLET (J34),250,3000
F916ACDTA01,AC PIPE ASSY DISCHARGE (TURBO),250,3000
F916ACDTB01,AC PIPE ASSY SUCTION & LIQ (TURBO),290,3480
FA1A1AKANB01 (SP2I),HEADER ASSY-COND DSL TANK (I20),270,3240
HE333G6CLA (CN202),HEADER ASSY-COND GSL TANK (I20),240,2880
HH260MJAAA01,HEADER ASSY-COND DSL RD (I20/Verna GSl)),270,3240
HH261MJAAA01,HEADER ASSY-COND GSL RD (I20),230,2760
9837158180,F830- Tank Condensor Assy (Deszire),220,2640
9837158280,F831 - Tank A (Dezire),200,2400
HC830DSLI2001,F830 - Tank (Wagon-R),300,3600
HC830GSLI2001,F831 - Tank A (Wagon),280,3360
HC831DSLI2001,HEADER ASSY (7457)-22.2 (MODINE),240,2880
HC831GSLI2001,HEADER ASSY (9770)-22.2 (MODINE),270,3240
F830 - (Dezire),HEADER ASSY-FLANGE SIDE (A-ENTRY 4 PASS),180,2160
F831 - (Dezire),HEADER ASSY-COND IRDS (A-ENTRY 4 PASS),190,2280
F830 - (Wagon-R),HEADER ASSY-TOC-RETURN TANK A (B680/BX755),210,2520
F831 - (Wagon),HEADER ASSY-TOC-IN/OUT TANK (B680/BX755),211,2532
8729311,HEADER ASSY-PLATE (VWWCAC),256,3072
8781205,Q1 EV AC LINES (AI3 New Design),289,3468
HC8301AE1A06,BRKT SIDE SUPPORT (NEW) ( Wagon R),276,3312
HC8301AE1B07,Suction (??19 x 2T) Pipe A (190mm),260,3120
HS154G9NAA01,Suction (??19 x 1.6T) Pipe B,277,3324
HS153G9NAA01,Suction (??16 x 1.6T) Pipe A,280,3360
HW724G9E1A01,Suction (??16 x 1.6T) Pipe B,250,3000
Q1 EV AC LINES,Liquid (??9 x 1.6T) Pipe A,250,3000
WAGONR-BRJT-01 (6354),Liquid (??9 x 1.6T) Pipe B,240,2880
Suction (??19 x 2T) Pipe A (190mm),Discharge (??12 x 1.6T) Pipe A,230,2760
Suction (??19 x 1.6T) Pipe B,Discharge (??12 x 1.6T) Pipe B,140,1680
Suction (??16 x 1.6T) Pipe A,Discharge (??12.7) Male Flange,190,2280
Suction (??16 x 1.6T) Pipe B,Stem chargeing Port(HP),240,2880
Liquid (??9 x 1.6T) Pipe A,DISCHARGE PIPE A FLANGE (DEZIRE),270,3240
Liquid (??9 x 1.6T) Pipe B,DISCHARGE PIPE B FLANGE (DEZIRE),230,2760
Discharge (??12 x 1.6T) Pipe A,LIQUID PIPE A FLANGE (WAGON-R),220,2640
Discharge (??12 x 1.6T) Pipe B,LIQUID PIPE B HEX CONN (WAGON-R),200,2400
Discharge (??12.7) Male Flange,LIQUID PIPE CONN (WAGON-R),300,3600
Stem chargeing Port(HP),BRKT INLET COND WELDING (DV5/B562),280,3360
DISCHARGE PIPE A FLANGE (DEZIRE),HEADER ASSY TOP PLATE 4 UP CHILLER -(JLR),240,2880
DISCHARGE PIPE B FLANGE (DEZIRE),Plate -A3003 (VWWCAC),270,3240
LIQUID PIPE A FLANGE (WAGON-R),LIQUID TUBE HEX CONNECTOR (SWIFT DZIRE),180,2160
LIQUID PIPE B HEX CONN(WAGON-R),LIQUID TUBE JOINT FLANGE (SWIFT DZIRE),190,2280
LIQUID PIPE CONN (WAGON-R),DISCHARGE PIPE A JOINT FLANGE (WAGON-R),210,2520
HC830-H1U0A-01,DISCHARGE PIPE B JOINT FLANGE (WAGON-R),211,2532
HL102K4JAA03,AC PIPE ASSY DISCHARGE DVPT (PSA),256,3072
HW732G9E1A01,SP2I MUFFLER (FC2R1SPINC02) ECN Change,289,3468
LIQUID TUBE HEX CONNECTOR (SWIFT DZIRE),HTR PIPE-CORE INLET LH (PSA),276,3312
LIQUID TUBE JOINT FLANGE (SWIFT DZIRE),HTR PIPE-CORE OUTLET LH (PSA),260,3120
DISCHARGE PIPE A JOINT FLANGE (WAGON-R),HEADER ASSY-COND TANK (DZIRE),277,3324
DISCHARGE PIPE B JOINT FLANGE (WAGON-R),HEADER ASSY-COND TANK A (DZIRE),280,3360
PSA-DVPT-D01,HEADER ASSY-COND GSL TANK (WAGON R),250,3000
SP2I MUFFLER,HEADER ASSY-COND GSL TANK A (WAGON R),250,3000
H32-1498-028-04,HEADER ASSY-COND TANK (AC3),290,3480
H32-1498-029-04,HEADER ASSY-COND TANK A (AC3),270,3240
HC830GSLSTD01,C110 PROTO IHX SAMPLE,240,2880
HC831GSLSTD01,EKUV Proto IHX Sample,270,3240
HC830GSLWGR01,AC PIPE ASSY MULTE DISCHARGE -A (W602),230,2760
HC831GSLWGR01,AC PIPE ASSY MULTE DISCHARGE -B (W602),220,2640
CP-PLHC830CXGAA-005,IHX PIPE ASSY SUC TXV  (W602),200,2400
CP-PLHC831CXGAA-003,IHX PIPE ASSY (W602),300,3600
C110 PROTO IHX SAMPLE,IHX PIPE ASSY LIQ B OUTLET (W602),280,3360
EKUV Proto IHX Sample,HTR PIPE-CORE INLET RH (BX772),240,2880
FA1B0MW6RA03,HTR PIPE-CORE OUTLET RH (BX772),270,3240
FA1B0MW6RB02,EVAP PIPE ASSY-CORE RHD (BX772),180,2160
FA1B1MW6RC01,AC PIPE ASSY MUFFLER SUC (W602),190,2280
FA1B1MW6PB01,IHX PIPE ASSY LIQ TXV END (W601/W602),210,2520
FA1B2MW6PC01,BRKT COND ASSY (E36),211,2532
HEATER IN,HEADER ASSY (6343)-22.2 - (E36),256,3072
HEATER OUT,HEADER ASSY (6341)-22.2 - E36 (MODINE),289,3468
EVAP PIPE,HTR PIPE-CORE INLET (W207) Old Level,276,3312
FA1B1MW6RA-01,HTR PIPE-CORE OUTLET (W207) Old Level,260,3120
FA1B2MW6RD,THERMOCON (RBI),277,3324
8840886,HTR PIPE CORE TOC (CNH55KW),280,3360
8841033,HTR PIPE CORE HOC (DOOOSAN),250,3000
8841009,HTR PIPE CORE TOC (TATA ƒ?? HITACHI),250,3000
HH260WBALB01,HTR PIPE CORE HOC & TOC (DOOOSAN),240,2880
HH261WBALB01,HTR PIPE-CORE EVAP IN 12MM (DPE),230,2760
E47513-0590,HTR PIPE-CORE EVAP OUT 16MM (DPE),140,1680
8889537,AC PIPE ASSY DISCHARGE GAMMA (SP2I),190,2280
ES1E0QRJAA03,AC PIPE ASSY DISCHARGE KAPPA (SP2I),240,2880
ES1E0QRJBA03,EVAP PIPE ASSY-CORE CONNECTOR -742 (SUBROS),270,3240
8898892,EVAP PIPE ASSY-CORE CONNECTOR -743 (SUBROS),230,2760
8739658,EVAP PIPE ASSY-CORE CONNECTOR -745 (SUBROS),220,2640
8873259,EVAP PIPE ASSY-CORE CONNECTOR -746 (SUBROS),200,2400
T77918C,EVAP PIPE ASSY-CORE CONNECTOR -747 (SUBROS),300,3600
T77919C,Cut Piece 17 X1.0X 709mm,280,3360
FC2R0SPILA-02,HEADER ASSY-COND TANK (AI3)-Caulking,240,2880
FC2R0SPIOA-02,HEADER ASSY-COND TANK (YFG00),270,3240
5-645260-742,HEADER ASSY-COND TANK A (YFG00),180,2160
5-645260-743,HEADER ASSY-COND TANK (YFGT0),190,2280
5-645260-745,HEADER ASSY-COND TANK A (YFGT0),210,2520
5-645260-746,LOGAN/HHA/J92 Injection,211,2532
5-645260-747,X1 EVAP TUBE 12MM,256,3072
17010709mm,My 15 INJECTION TUBE,289,3468
HC830AKAAA04,X451 Evap inlet,276,3312
HC830K8LAA01,My 15 Suction tube,260,3120
HC831K8LAA01,X1 EVAP TUBE 18MM,277,3324
HC830K8LBA01,LOGAN EVAP 18 MM+ HHA,280,3360
HC831K8LBA01,Htr Outlet HHA,250,3000
ATS00120010281A0,P9218 Suction Tube RHD,250,3000
ATS00120010356A0,Volvo Suction Tube,290,3480
ATS00120010318A0,Z101 SUCTION LINE,270,3240
ATS00120120197A0,X104 Heater Inlet,240,2880
ATS00180010259A0,X104 Heater Outlet,270,3240
ATS00180010346A0,My 15 htr tube,230,2760
ATS00180010342A0,M8606 header tube,220,2640
ATS00180010444A0,FT-TUBE ASY-SUC- W601,200,2400
ATS00180010370A0,X451 Htr Inlet,300,3600
ATS00180010310A0,Isuzu Heater Outlet,280,3360
ATS00180120306A0,PSA RHD HEATER PIPE OUTLET,240,2880
ATS00180120878A0,PSA RHD HEATER PIPE INLET,270,3240
ATS00180120808A0,Yamha tube,180,2160
ATS00180120190A0,AL TUBE A/C-SUC- W601,190,2280
ATS00180150202A0,AL TUBE A/C-LIQ- W601,210,2520
ATS00191600201A3,FT-TUBE ASY-LIQ,211,2532
ATS00170010569A3,LIQ PIPE D TXV END,256,3072
ATS00170010735A3,F T - T U B E A S Y - L I Q,289,3468
ATS00170010709A3,HEADER ASSY-COND DSL TANK (ETIOS),276,3312
ATS00170010522A3,HEADER ASSY-COND DSL TANK A (ETIOS),260,3120
ATS00160120125A3,HEADER ASSY-COND DSL TANK (VERNA),277,3324
ATS00161601650A3,HEADER ASSY-COND DSL TANK A (VERNA),280,3360
ATS00091601600A3,HEADER ASSY-COND GSL TANK (BALENO),250,3000
ATS00191600178A3/RG,HEADER ASSY-COND GSL TANK A (BALENO),250,3000
ATS00161601250A3/RG,AC PIPE ASSY DISCHARGE (CC24),240,2880
ATS00091600293A3/RG,AC PIPE ASSY SUCTION & LIQ (CC24),230,2760
ATS00091600167A3/RG,Evap Small Tube Jumper With Saddle (Nikola),140,1680
ATS00091601269A3/RG,Tube 18X1.5X878mm- AL-3103,190,2280
ATS00091600328A3/RG,IHX TUBE SPIRAL (Nexteer),240,2880
HC830GSLETS01,Tube 18X1.5X808mm- AL-3103,270,3240
HC831GSLETS01,BRKT COND ASSY (FCC),230,2760
HC830DSLHVF01,HTR PIPE-CORE INLET (YED),220,2640
HC831DSLHVF01,HTR PIPE-CORE OUTLET (YED),200,2400
HC830GSLBAL01,EVAP PIPE ASSY-CORE (YED),300,3600
HC831GSLBAL01,PIpe Return Tube 18X1.0X550mm- AL-3103,280,3360
9843126280,HEADER ASSY (5870)-22.2 (Nickola),240,2880
9843127680,HEADER ASSY (5866)-22.2 (Nickola),270,3240
8874745,HEADER ASSY (5876)-22.2 (Nickola),180,2160
ATS00180120878A0-1,HEADER ASSY (5874)-22.2 (Nickola),190,2280
ATS00091600500A3,HEADER ASSY (0820)-22.2 (FCC),210,2520
ATS00180120878A0-2,HEADER ASSY (3980)-22.2 (H07),211,2532
8913642,HEADER ASSY (3972)-22.2 (H07),256,3072
YED-HTR-IN-01,AC PIPE ASSY DISCHARGE (ECC21),289,3468
YED-HTR-OUT-01,AC PIPE ASSY SUCTION & LIQUID - TXV SIDE (ECC21),276,3312
YED-EVAP-01,EVAP PIPE ASSY CORE D-PANEL LH (EMXI),260,3120
PC395001,AC PIPE ASSY SUCTION & LIQUID - COMP & COND SIDE (ECC21),277,3324
8874760,BRKT-A TANK (U321)- old Model,280,3360
8891566,W601 Dis pipe A -PROTO,250,3000
8898504,HTR PIPE-CORE INLET LH (SP2iPE),250,3000
8898512,HTR PIPE-CORE OUTLET LH (SP2iPE),290,3480
8910820,HTR PIPE-CORE INLET RH (SP2iPE),270,3240
8913980,HTR PIPE-CORE OUTLET RH (SP2iPE),240,2880
8913972,HTR PIPE-CORE JUMPER (PUMA AUDI),270,3240
9844217980,IHX PIPE ASSY U2 (SP2IPE),230,2760
9849827680,IHX PIPE ASSY GAMMA -2 (SP2IPE),220,2640
F1B1-QQ3AA-01,IHX PIPE ASSY KAPPA (SP2IPE),200,2400
9850042480,HEADER ASSY (6829)-22.2 (SOTV LH) 100006829,300,3600
HC841-A1V1A-03-Old Model,HEADER ASSY (6828)-22.2 (SOTV LH) 100006828,280,3360
W601 Dis pipe A,Evap Small Tube Jumper With Saddle (SOTV),240,2880
HH260-S2PAA-01,HEADER ASSY-COND TANK (SP2IPE),270,3240
HH261-S2PAA-01,HEADER ASSY-COND TANK-(A)(SP2IPE),180,2160
HH260-S2PLA-01,HEADER ASSY-COND TANK (SU2I LWB RDE),190,2280
HH261-S2PLA-01,HEADER ASSY-COND TANK-(A) (SU2I LWB RDE),210,2520
T783675,AC PIPE ASSY MUFFLER KAPPA (SP2IPE),211,2532
FA1A1S2PNA01,COND PIPE ASSY A/C JUMPER (SP2IPE),256,3072
FA1A1S2PLA01,EVAP PIPE ASSY-CORE (MV),289,3468
FA1A1S2POA01,EVAP JOINT FLANGE (MV),276,3312
HC830A8M0A01,TURBO HVAC SUCTION LINES  (CC21-E),260,3120
8925752,PIPE -TOC TOP (CNH55KWF5C),277,3324
8925786,FITTING ASSY FLAME BRAZED -TRUCK-1,280,3360
8867079,HEAT SINK,250,3000
,(CKM),,
HC830S2PAA02,AL TUBE 18X1X489,250,3000
HC831S2PAA02,AL TUBE 18X1X454,240,2880
HC830SULAC01,END PLUG ASSY (E36),230,2760
HC831SULAC01,HEADER ASSY-COND TANK (AUDi A3),140,1680
FA1B1S2POA01,HEADER ASSY-COND TANK A (AUDi A3),190,2280
FA1A8S2PAA01,HEADER ASSY-COND TANK (AUDi A6),240,2880
XLHC902KMVAA01,HEADER ASSY-COND TANK A (AUDi A6),270,3240
SJ0301401-MV,Al Tube 18X1X430 (3103),230,2760
9843127680-00,Al Tube 18X1X380 (3103),220,2640
8944944,Al Tube 18X1X467 (3103),200,2400
8969867,MOUNTING BRKT COND 8mm (CELERIO),300,3600
649VB6LE0A,MOUNTING BRKT COND 10mm  (CELERIO),280,3360
ATS00180010489A3,MSIL SWIFT EVAP PIPE,240,2880
ATS00180010454A3,MSIL CIAZ EVAP PIPE,270,3240
8671851,12 X 1 X286mm AL-3103,180,2160
HC830-DSLAA3-01,12 X 1 X285mm AL-3103,190,2280
HC831-DSLAA3-01,12 X 1 X146mm AL-3103,210,2520
HC830-DSLAA6-01,12 X 1.2 X222mm AL-3103,211,2532
HC831-DSLAA6-01,19 X 1.65 X 1014,256,3072
ATS00180010430A0,CONDENSER - COMPRESSOR COOLING PIPE,289,3468
ATS00180010380A0,GOVERNOR OUTLET INLET REFRI PIPE,276,3312
ATS00180010467A0,HTR PIPE-CORE INLET COOLANT CONNECTOR (B4D),260,3120
HC841-CELERI-01,HTR PIPE-CORE OUTLET COOLANT CONNECTOR (B4D),277,3324
HC842-CELERI-01,SENSOR ASSY-E/CORE TEMP LH/RH (SP2I)-12mm,280,3360
MSIL SWIFT EVAP PIPE,Tube 15.88 x 1.24 A3003,250,3000
MSIL CIAZ EVAP PIPE,Tube connector S/A (Hose Liquid) Subros,250,3000
ATS00120010286A0,FLANGE _FJ_LIQ -A,290,3480
ATS00120010285A0,FLANGE _FJ_LIQ-B,270,3240
ATS00120010146A0,FLANGE _FJ_SUC-A,240,2880
ATS001200120222A0,FLANGE _FJ_SUC- B,270,3240
ATS00191601050A3,WCC DIS ASSY B,230,2760
9837157880,ADAPTOR,220,2640
9837157980,Su2EV 9mm Connector,200,2400
9837158180-00,IHX (w/ SUC Adapte,300,3600
9837158280-00,MCI FLUXED CAP (35mm),280,3360
10155012-01,EVAP PIPE ASSY-CORE LHD (SX2e),240,2880
10155014-01,EVAP PIPE ASSY-CORE RHD (SX2e),270,3240
ES1E0SPILA04,IHX PIPE ASSY KAPPA (SU2IPE),180,2160
ATS00160120536A2,AC PIPE ASSY MUFFLER KAPPA (SU2iPE),190,2280
645150-6110,Batch TEST,210,2520
FLANGE _FJ_LIQ -A,IHX Proto Sample (CC24),211,2532
FLANGE _FJ_LIQ-B,9 X 1.65 X 1272mm,256,3072
FLANGE _FJ_SUC-A,9 X 1.65 X 330mm,289,3468
FLANGE _FJ_SUC- B,Pressure Sensor,276,3312
WCC DIS ASSY B,LIQUID TXV O-RING,260,3120
ADAPTOR,Discharge - COMP O ring,277,3324
Su2EV 9mm Connector,SUCTION TXV O-RING,280,3360
IHX (w/ SUC Adapte,LIQUID -STEM CORE CHARGE VALVE,250,3000
F856MAXAC01P,Liquid - Stem Cap with Rib,250,3000
XLHC902K8PAA01,Suction - Stem Cap with Rib,240,2880
XLHC902K8PLA01,SUCTION COMP O-RING,230,2760
FA1XXXXPOA01,DISCHARGE -COMP O-RING,140,1680
FA1B1SU2IPE-A01,LIQUID -STEM CAP (HIGH),190,2280
Batch Test,SUCTION -STEM CAP (LOW),180,2160
4000854,,190,2280
ATS000916001272A3,,210,2520
ATS00091600330A3,,211,2532
9853576180,,256,3072
9853560480,,289,3468
9853560580,,276,3312
9853560780,,260,3120
9853581380,,277,3324
9855301180,,280,3360
9855301580,,250,3000
9853560680,,250,3000
9853561380,,240,2880
9853576280,,230,2760
9853581680,,140,1680
